source_group,repo_id,private,domain_type,total_size_mb,data_size_mb,video_size_mb,total_episodes,total_frames,total_tasks,total_hours,avg_seconds_per_episode,fps,observation_fps,action_fps,robot_type,embodiment_type,embodiment_confidence,embodiment_reason,action_dim,action_shape,state_dim,state_shape,visual_stream_count,visual_stream_keys,visual_dimensions,visual_dtypes,text_annotation_extent,task_text_present,task_text_count,task_text_examples,temporal_dense_present,temporal_sparse_present,language_feature_keys,readme_url,dataset_url,generation_error
nmotion_current,DaivdYuan/exumi-insert-pen-lerobot,False,real,300.0,100.0,200.0,139,103730,1,0.96,24.88,30.0,30.0,30.0,generic_robot,single_arm,medium,action/state dimension matches common single-arm control,7,7,7,7,1,observation.images.camera0_rgb,observation.images.camera0_rgb:224x224x3,video,single_task_instruction,True,1,Insert Pen,False,False,,https://huggingface.co/datasets/DaivdYuan/exumi-insert-pen-lerobot/blob/main/README.md,https://huggingface.co/datasets/DaivdYuan/exumi-insert-pen-lerobot,
nmotion_current,DaivdYuan/exumi-open-bottle-lerobot,False,real,300.0,100.0,200.0,270,126291,1,1.169,15.59,30.0,30.0,30.0,generic_robot,single_arm,medium,action/state dimension matches common single-arm control,7,7,7,7,1,observation.images.camera0_rgb,observation.images.camera0_rgb:224x224x3,video,single_task_instruction,True,1,Open Bottle,False,False,,https://huggingface.co/datasets/DaivdYuan/exumi-open-bottle-lerobot/blob/main/README.md,https://huggingface.co/datasets/DaivdYuan/exumi-open-bottle-lerobot,
nmotion_current,DaivdYuan/exumi-peg-in-hole-lerobot,False,real,300.0,100.0,200.0,256,90183,1,0.835,11.74,30.0,30.0,30.0,generic_robot,single_arm,medium,action/state dimension matches common single-arm control,7,7,7,7,1,observation.images.camera0_rgb,observation.images.camera0_rgb:224x224x3,video,single_task_instruction,True,1,Peg in Hole,False,False,,https://huggingface.co/datasets/DaivdYuan/exumi-peg-in-hole-lerobot/blob/main/README.md,https://huggingface.co/datasets/DaivdYuan/exumi-peg-in-hole-lerobot,
nmotion_current,DaivdYuan/exumi-pick-brocolli-lerobot,False,real,300.0,100.0,200.0,30,13137,1,0.122,14.6,30.0,30.0,30.0,generic_robot,single_arm,medium,action/state dimension matches common single-arm control,7,7,7,7,1,observation.images.camera0_rgb,observation.images.camera0_rgb:224x224x3,video,single_task_instruction,True,1,Pick Brocolli,False,False,,https://huggingface.co/datasets/DaivdYuan/exumi-pick-brocolli-lerobot/blob/main/README.md,https://huggingface.co/datasets/DaivdYuan/exumi-pick-brocolli-lerobot,
nmotion_current,DaivdYuan/exumi-pick-carrot-lerobot,False,real,300.0,100.0,200.0,135,44649,1,0.413,11.02,30.0,30.0,30.0,generic_robot,single_arm,medium,action/state dimension matches common single-arm control,7,7,7,7,1,observation.images.camera0_rgb,observation.images.camera0_rgb:224x224x3,video,single_task_instruction,True,1,Pick Carrot,False,False,,https://huggingface.co/datasets/DaivdYuan/exumi-pick-carrot-lerobot/blob/main/README.md,https://huggingface.co/datasets/DaivdYuan/exumi-pick-carrot-lerobot,
nmotion_current,DaivdYuan/exumi-pick-cube-lerobot,False,real,300.0,100.0,200.0,30,8942,1,0.083,9.94,30.0,30.0,30.0,generic_robot,single_arm,medium,action/state dimension matches common single-arm control,7,7,7,7,1,observation.images.camera0_rgb,observation.images.camera0_rgb:224x224x3,video,single_task_instruction,True,1,Pick Cube,False,False,,https://huggingface.co/datasets/DaivdYuan/exumi-pick-cube-lerobot/blob/main/README.md,https://huggingface.co/datasets/DaivdYuan/exumi-pick-cube-lerobot,
nmotion_current,DaivdYuan/exumi-pull-drawer-lerobot,False,real,300.0,100.0,200.0,281,162820,1,1.508,19.31,30.0,30.0,30.0,generic_robot,single_arm,medium,action/state dimension matches common single-arm control,7,7,7,7,1,observation.images.camera0_rgb,observation.images.camera0_rgb:224x224x3,video,single_task_instruction,True,1,Pull Drawer,False,False,,https://huggingface.co/datasets/DaivdYuan/exumi-pull-drawer-lerobot/blob/main/README.md,https://huggingface.co/datasets/DaivdYuan/exumi-pull-drawer-lerobot,
nmotion_current,DaivdYuan/exumi-stack-cube-lerobot,False,real,300.0,100.0,200.0,201,51306,1,0.475,8.51,30.0,30.0,30.0,generic_robot,single_arm,medium,action/state dimension matches common single-arm control,7,7,7,7,1,observation.images.camera0_rgb,observation.images.camera0_rgb:224x224x3,video,single_task_instruction,True,1,Stack Cube,False,False,,https://huggingface.co/datasets/DaivdYuan/exumi-stack-cube-lerobot/blob/main/README.md,https://huggingface.co/datasets/DaivdYuan/exumi-stack-cube-lerobot,
nmotion_current,DaivdYuan/hub-flip-bagel-in-the-wild-lerobot,False,real,300.0,100.0,200.0,274,91818,1,0.85,11.17,30.0,30.0,30.0,generic_robot,single_arm,medium,action/state dimension matches common single-arm control,7,7,7,7,1,observation.images.camera0_rgb,observation.images.camera0_rgb:224x224x3,video,single_task_instruction,True,1,Flip bagel in the wild,False,False,,https://huggingface.co/datasets/DaivdYuan/hub-flip-bagel-in-the-wild-lerobot/blob/main/README.md,https://huggingface.co/datasets/DaivdYuan/hub-flip-bagel-in-the-wild-lerobot,
nmotion_current,DaivdYuan/hub-flip-bagel-lerobot,False,unknown,300.0,100.0,200.0,283,98335,1,0.911,11.58,30.0,30.0,30.0,generic_robot,single_arm,medium,action/state dimension matches common single-arm control,7,7,7,7,1,observation.images.camera0_rgb,observation.images.camera0_rgb:224x224x3,video,single_task_instruction,True,1,Flip bagel,False,False,,https://huggingface.co/datasets/DaivdYuan/hub-flip-bagel-lerobot/blob/main/README.md,https://huggingface.co/datasets/DaivdYuan/hub-flip-bagel-lerobot,
nmotion_current,DaivdYuan/hub-kettlebell-pushing-lerobot,False,unknown,300.0,100.0,200.0,14,10004,1,0.093,23.82,30.0,30.0,30.0,generic_robot,single_arm,medium,action/state dimension matches common single-arm control,7,7,7,7,1,observation.images.camera0_rgb,observation.images.camera0_rgb:224x224x3,video,single_task_instruction,True,1,Kettlebell Pushing,False,False,,https://huggingface.co/datasets/DaivdYuan/hub-kettlebell-pushing-lerobot/blob/main/README.md,https://huggingface.co/datasets/DaivdYuan/hub-kettlebell-pushing-lerobot,
nmotion_current,DaivdYuan/hub-pour-dice-lerobot,False,unknown,300.0,100.0,200.0,145,111516,1,1.033,25.64,30.0,30.0,30.0,generic_robot,single_arm,medium,action/state dimension matches common single-arm control,7,7,7,7,1,observation.images.camera0_rgb,observation.images.camera0_rgb:224x224x3,video,single_task_instruction,True,1,Pour dice,False,False,,https://huggingface.co/datasets/DaivdYuan/hub-pour-dice-lerobot/blob/main/README.md,https://huggingface.co/datasets/DaivdYuan/hub-pour-dice-lerobot,
nmotion_current,DaivdYuan/hub-strap-wires-with-velcro-tape-lerobot,False,unknown,300.0,100.0,200.0,193,151610,1,1.404,26.18,30.0,30.0,30.0,generic_robot,single_arm,medium,action/state dimension matches common single-arm control,7,7,7,7,1,observation.images.camera0_rgb,observation.images.camera0_rgb:224x224x3,video,single_task_instruction,True,1,Strap wires with velcro tape,False,False,,https://huggingface.co/datasets/DaivdYuan/hub-strap-wires-with-velcro-tape-lerobot/blob/main/README.md,https://huggingface.co/datasets/DaivdYuan/hub-strap-wires-with-velcro-tape-lerobot,
nmotion_current,DaivdYuan/hub-tennis-ball-basket-toss-lerobot,False,unknown,300.0,100.0,200.0,165,194179,1,1.798,39.23,30.0,30.0,30.0,generic_robot,single_arm,medium,action/state dimension matches common single-arm control,7,7,7,7,1,observation.images.camera0_rgb,observation.images.camera0_rgb:224x224x3,video,single_task_instruction,True,1,Tennis Ball Basket Toss,False,False,,https://huggingface.co/datasets/DaivdYuan/hub-tennis-ball-basket-toss-lerobot/blob/main/README.md,https://huggingface.co/datasets/DaivdYuan/hub-tennis-ball-basket-toss-lerobot,
nmotion_current,DaivdYuan/hub-whiteboard-shape-wipe-lerobot,False,unknown,300.0,100.0,200.0,119,107187,1,0.992,30.02,30.0,30.0,30.0,generic_robot,single_arm,medium,action/state dimension matches common single-arm control,7,7,7,7,1,observation.images.camera0_rgb,observation.images.camera0_rgb:224x224x3,video,single_task_instruction,True,1,Whiteboard Shape Wipe,False,False,,https://huggingface.co/datasets/DaivdYuan/hub-whiteboard-shape-wipe-lerobot/blob/main/README.md,https://huggingface.co/datasets/DaivdYuan/hub-whiteboard-shape-wipe-lerobot,
nmotion_current,DaivdYuan/mv-umi-bottles-rack-seg-lerobot,False,real,300.0,100.0,200.0,199,164614,1,1.524,27.57,30.0,30.0,30.0,generic_robot,single_arm,medium,action/state dimension matches common single-arm control,7,7,7,7,2,observation.images.camera0_rgb | observation.images.camera1_rgb,observation.images.camera0_rgb:224x224x3 | observation.images.camera1_rgb:224x224x3,video | video,single_task_instruction,True,1,Bottles Rack (Seg),False,False,,https://huggingface.co/datasets/DaivdYuan/mv-umi-bottles-rack-seg-lerobot/blob/main/README.md,https://huggingface.co/datasets/DaivdYuan/mv-umi-bottles-rack-seg-lerobot,
nmotion_current,DaivdYuan/mv-umi-markers-placement-raw-lerobot,False,real,300.0,100.0,200.0,453,185158,1,1.714,13.62,30.0,30.0,30.0,generic_robot,single_arm,medium,action/state dimension matches common single-arm control,7,7,7,7,2,observation.images.camera0_rgb | observation.images.camera1_rgb,observation.images.camera0_rgb:224x224x3 | observation.images.camera1_rgb:224x224x3,video | video,single_task_instruction,True,1,Markers Placement (Raw),False,False,,https://huggingface.co/datasets/DaivdYuan/mv-umi-markers-placement-raw-lerobot/blob/main/README.md,https://huggingface.co/datasets/DaivdYuan/mv-umi-markers-placement-raw-lerobot,
nmotion_current,DaivdYuan/mv-umi-markers-placement-seg-lerobot,False,real,300.0,100.0,200.0,454,185589,1,1.718,13.63,30.0,30.0,30.0,generic_robot,single_arm,medium,action/state dimension matches common single-arm control,7,7,7,7,2,observation.images.camera0_rgb | observation.images.camera1_rgb,observation.images.camera0_rgb:224x224x3 | observation.images.camera1_rgb:224x224x3,video | video,single_task_instruction,True,1,Markers Placement (Seg),False,False,,https://huggingface.co/datasets/DaivdYuan/mv-umi-markers-placement-seg-lerobot/blob/main/README.md,https://huggingface.co/datasets/DaivdYuan/mv-umi-markers-placement-seg-lerobot,
nmotion_current,DaivdYuan/umi-bimanual-cloth-folding-lerobot,False,real,300.0,100.0,200.0,249,309476,1,2.866,41.43,30.0,30.0,30.0,generic_robot,dual_arm,high,ALOHA or bimanual naming indicates dual-arm embodiment,14,14,14,14,2,observation.images.camera0_rgb | observation.images.camera1_rgb,observation.images.camera0_rgb:224x224x3 | observation.images.camera1_rgb:224x224x3,video | video,single_task_instruction,True,1,Bimanual Cloth Folding,False,False,,https://huggingface.co/datasets/DaivdYuan/umi-bimanual-cloth-folding-lerobot/blob/main/README.md,https://huggingface.co/datasets/DaivdYuan/umi-bimanual-cloth-folding-lerobot,
nmotion_current,DaivdYuan/umi-bimanual-dish-washing-lerobot,False,real,300.0,100.0,200.0,258,432922,1,4.009,55.93,30.0,30.0,30.0,generic_robot,dual_arm,high,ALOHA or bimanual naming indicates dual-arm embodiment,14,14,14,14,2,observation.images.camera0_rgb | observation.images.camera1_rgb,observation.images.camera0_rgb:224x224x3 | observation.images.camera1_rgb:224x224x3,video | video,single_task_instruction,True,1,Bimanual Dish Washing,False,False,,https://huggingface.co/datasets/DaivdYuan/umi-bimanual-dish-washing-lerobot/blob/main/README.md,https://huggingface.co/datasets/DaivdYuan/umi-bimanual-dish-washing-lerobot,
nmotion_current,DaivdYuan/umi-cup-arrangement-lab-lerobot,False,real,300.0,100.0,200.0,305,184958,1,1.713,20.21,30.0,30.0,30.0,generic_robot,single_arm,medium,action/state dimension matches common single-arm control,7,7,7,7,1,observation.images.camera0_rgb,observation.images.camera0_rgb:224x224x3,video,single_task_instruction,True,1,Cup Arrangement in the Lab,False,False,,https://huggingface.co/datasets/DaivdYuan/umi-cup-arrangement-lab-lerobot/blob/main/README.md,https://huggingface.co/datasets/DaivdYuan/umi-cup-arrangement-lab-lerobot,
nmotion_current,DaivdYuan/umi-cup-arrangement-wild-lerobot,False,real,300.0,100.0,200.0,1447,699432,1,6.476,16.11,30.0,30.0,30.0,generic_robot,single_arm,medium,action/state dimension matches common single-arm control,7,7,7,7,1,observation.images.camera0_rgb,observation.images.camera0_rgb:224x224x3,video,single_task_instruction,True,1,Cup Arrangement in the Wild,False,False,,https://huggingface.co/datasets/DaivdYuan/umi-cup-arrangement-wild-lerobot/blob/main/README.md,https://huggingface.co/datasets/DaivdYuan/umi-cup-arrangement-wild-lerobot,
nmotion_current,DaivdYuan/umi-dynamic-tossing-lerobot,False,real,300.0,100.0,200.0,284,368428,1,3.411,43.24,30.0,30.0,30.0,generic_robot,single_arm,medium,action/state dimension matches common single-arm control,7,7,7,7,1,observation.images.camera0_rgb,observation.images.camera0_rgb:224x224x3,video,single_task_instruction,True,1,Dynamic Tossing,False,False,,https://huggingface.co/datasets/DaivdYuan/umi-dynamic-tossing-lerobot/blob/main/README.md,https://huggingface.co/datasets/DaivdYuan/umi-dynamic-tossing-lerobot,
official_lerobot,lerobot/aloha_mobile_cabinet,False,unknown,600.0,100.0,500.0,85,127500,1,0.708,30.0,50.0,50.0,50.0,aloha,mobile_manipulator,high,repo/readme indicates mobile manipulator,14,14,14,14,3,observation.images.cam_high | observation.images.cam_left_wrist | observation.images.cam_right_wrist,observation.images.cam_high:480x640x3 | observation.images.cam_left_wrist:480x640x3 | observation.images.cam_right_wrist:480x640x3,video | video | video,single_task_instruction,True,1,"Open the top cabinet, store the pot inside it then close the cabinet.",False,False,,https://huggingface.co/datasets/lerobot/aloha_mobile_cabinet/blob/main/README.md,https://huggingface.co/datasets/lerobot/aloha_mobile_cabinet,
official_lerobot,lerobot/aloha_mobile_chair,False,unknown,600.0,100.0,500.0,55,110000,1,0.611,40.0,50.0,50.0,50.0,aloha,mobile_manipulator,high,repo/readme indicates mobile manipulator,14,14,14,14,3,observation.images.cam_high | observation.images.cam_left_wrist | observation.images.cam_right_wrist,observation.images.cam_high:480x640x3 | observation.images.cam_left_wrist:480x640x3 | observation.images.cam_right_wrist:480x640x3,video | video | video,single_task_instruction,True,1,Push the chairs in front of the desk to place them against it.,False,False,,https://huggingface.co/datasets/lerobot/aloha_mobile_chair/blob/main/README.md,https://huggingface.co/datasets/lerobot/aloha_mobile_chair,
official_lerobot,lerobot/aloha_mobile_elevator,False,unknown,600.0,100.0,500.0,20,45000,1,0.25,45.0,50.0,50.0,50.0,aloha,mobile_manipulator,high,repo/readme indicates mobile manipulator,14,14,14,14,3,observation.images.cam_high | observation.images.cam_left_wrist | observation.images.cam_right_wrist,observation.images.cam_high:480x640x3 | observation.images.cam_left_wrist:480x640x3 | observation.images.cam_right_wrist:480x640x3,video | video | video,single_task_instruction,True,1,Take the elevator to the 1st floor.,False,False,,https://huggingface.co/datasets/lerobot/aloha_mobile_elevator/blob/main/README.md,https://huggingface.co/datasets/lerobot/aloha_mobile_elevator,
official_lerobot,lerobot/aloha_mobile_shrimp,False,unknown,300.0,100.0,200.0,18,67500,1,0.375,75.0,50.0,50.0,50.0,aloha,mobile_manipulator,high,repo/readme indicates mobile manipulator,14,14,14,14,3,observation.images.cam_high | observation.images.cam_left_wrist | observation.images.cam_right_wrist,observation.images.cam_high:480x640x3 | observation.images.cam_left_wrist:480x640x3 | observation.images.cam_right_wrist:480x640x3,video | video | video,single_task_instruction,True,1,"Sauté the raw shrimp on both sides, then serve it in the bowl.",False,False,,https://huggingface.co/datasets/lerobot/aloha_mobile_shrimp/blob/main/README.md,https://huggingface.co/datasets/lerobot/aloha_mobile_shrimp,
official_lerobot,lerobot/aloha_mobile_shrimp_image,False,unknown,600.0,100.0,500.0,1,3750,1,0.021,75.0,50.0,50.0,50.0,unknown,mobile_manipulator,high,repo/readme indicates mobile manipulator,14,14,14,14,3,observation.images.cam_high | observation.images.cam_left_wrist | observation.images.cam_right_wrist,observation.images.cam_high:480x640x3 | observation.images.cam_left_wrist:480x640x3 | observation.images.cam_right_wrist:480x640x3,image | image | image,single_task_instruction,True,1,dummy task,False,False,,https://huggingface.co/datasets/lerobot/aloha_mobile_shrimp_image/blob/main/README.md,https://huggingface.co/datasets/lerobot/aloha_mobile_shrimp_image,
official_lerobot,lerobot/aloha_mobile_wash_pan,False,unknown,600.0,100.0,500.0,50,55000,1,0.306,22.0,50.0,50.0,50.0,aloha,mobile_manipulator,high,repo/readme indicates mobile manipulator,14,14,14,14,3,observation.images.cam_high | observation.images.cam_left_wrist | observation.images.cam_right_wrist,observation.images.cam_high:480x640x3 | observation.images.cam_left_wrist:480x640x3 | observation.images.cam_right_wrist:480x640x3,video | video | video,single_task_instruction,True,1,"Pick up the pan, rinse it in the sink and then place it in the drying rack.",False,False,,https://huggingface.co/datasets/lerobot/aloha_mobile_wash_pan/blob/main/README.md,https://huggingface.co/datasets/lerobot/aloha_mobile_wash_pan,
official_lerobot,lerobot/aloha_mobile_wipe_wine,False,unknown,600.0,100.0,500.0,50,65000,1,0.361,26.0,50.0,50.0,50.0,aloha,mobile_manipulator,high,repo/readme indicates mobile manipulator,14,14,14,14,3,observation.images.cam_high | observation.images.cam_left_wrist | observation.images.cam_right_wrist,observation.images.cam_high:480x640x3 | observation.images.cam_left_wrist:480x640x3 | observation.images.cam_right_wrist:480x640x3,video | video | video,single_task_instruction,True,1,Pick up the wet cloth on the faucet and use it to clean the spilled wine on the table and underneath the glass.,False,False,,https://huggingface.co/datasets/lerobot/aloha_mobile_wipe_wine/blob/main/README.md,https://huggingface.co/datasets/lerobot/aloha_mobile_wipe_wine,
official_lerobot,lerobot/aloha_sim_insertion_human,False,sim,87.12,,,50,25000,1,0.139,10.0,50.0,50.0,50.0,aloha,dual_arm,high,ALOHA or bimanual naming indicates dual-arm embodiment,14,14,14,14,1,observation.images.top,observation.images.top:480x640x3,video,single_task_instruction,True,1,Insert the peg into the socket.,False,False,,https://huggingface.co/datasets/lerobot/aloha_sim_insertion_human/blob/main/README.md,https://huggingface.co/datasets/lerobot/aloha_sim_insertion_human,
official_lerobot,lerobot/aloha_sim_insertion_human_image,False,sim,600.0,100.0,500.0,50,25000,1,0.139,10.0,50.0,50.0,50.0,aloha,dual_arm,high,ALOHA or bimanual naming indicates dual-arm embodiment,14,14,14,14,1,observation.images.top,observation.images.top:480x640x3,image,single_task_instruction,True,1,Insert the peg into the socket.,False,False,,https://huggingface.co/datasets/lerobot/aloha_sim_insertion_human_image/blob/main/README.md,https://huggingface.co/datasets/lerobot/aloha_sim_insertion_human_image,
official_lerobot,lerobot/aloha_sim_insertion_scripted,False,sim,67.71,,,50,20000,1,0.111,8.0,50.0,50.0,50.0,aloha,dual_arm,high,ALOHA or bimanual naming indicates dual-arm embodiment,14,14,14,14,1,observation.images.top,observation.images.top:480x640x3,video,single_task_instruction,True,1,Insert the peg into the socket.,False,False,,https://huggingface.co/datasets/lerobot/aloha_sim_insertion_scripted/blob/main/README.md,https://huggingface.co/datasets/lerobot/aloha_sim_insertion_scripted,
official_lerobot,lerobot/aloha_sim_insertion_scripted_image,False,sim,600.0,100.0,500.0,50,20000,1,0.111,8.0,50.0,50.0,50.0,aloha,dual_arm,high,ALOHA or bimanual naming indicates dual-arm embodiment,14,14,14,14,1,observation.images.top,observation.images.top:480x640x3,image,single_task_instruction,True,1,Insert the peg into the socket.,False,False,,https://huggingface.co/datasets/lerobot/aloha_sim_insertion_scripted_image/blob/main/README.md,https://huggingface.co/datasets/lerobot/aloha_sim_insertion_scripted_image,
official_lerobot,lerobot/aloha_sim_transfer_cube_human,False,sim,66.65,,,50,20000,1,0.111,8.0,50.0,50.0,50.0,aloha,dual_arm,high,ALOHA or bimanual naming indicates dual-arm embodiment,14,14,14,14,1,observation.images.top,observation.images.top:480x640x3,video,single_task_instruction,True,1,Pick up the cube with the right arm and transfer it to the left arm.,False,False,,https://huggingface.co/datasets/lerobot/aloha_sim_transfer_cube_human/blob/main/README.md,https://huggingface.co/datasets/lerobot/aloha_sim_transfer_cube_human,
official_lerobot,lerobot/aloha_sim_transfer_cube_human_image,False,sim,600.0,100.0,500.0,50,20000,1,0.111,8.0,50.0,50.0,50.0,aloha,dual_arm,high,ALOHA or bimanual naming indicates dual-arm embodiment,14,14,14,14,1,observation.images.top,observation.images.top:480x640x3,image,single_task_instruction,True,1,Pick up the cube with the right arm and transfer it to the left arm.,False,False,,https://huggingface.co/datasets/lerobot/aloha_sim_transfer_cube_human_image/blob/main/README.md,https://huggingface.co/datasets/lerobot/aloha_sim_transfer_cube_human_image,
official_lerobot,lerobot/aloha_sim_transfer_cube_scripted,False,sim,600.0,100.0,500.0,50,20000,1,0.111,8.0,50.0,50.0,50.0,aloha,dual_arm,high,ALOHA or bimanual naming indicates dual-arm embodiment,14,14,14,14,1,observation.images.top,observation.images.top:480x640x3,video,single_task_instruction,True,1,Pick up the cube with the right arm and transfer it to the left arm.,False,False,,https://huggingface.co/datasets/lerobot/aloha_sim_transfer_cube_scripted/blob/main/README.md,https://huggingface.co/datasets/lerobot/aloha_sim_transfer_cube_scripted,
official_lerobot,lerobot/aloha_sim_transfer_cube_scripted_image,False,sim,600.0,100.0,500.0,50,20000,1,0.111,8.0,50.0,50.0,50.0,aloha,dual_arm,high,ALOHA or bimanual naming indicates dual-arm embodiment,14,14,14,14,1,observation.images.top,observation.images.top:480x640x3,image,single_task_instruction,True,1,Pick up the cube with the right arm and transfer it to the left arm.,False,False,,https://huggingface.co/datasets/lerobot/aloha_sim_transfer_cube_scripted_image/blob/main/README.md,https://huggingface.co/datasets/lerobot/aloha_sim_transfer_cube_scripted_image,
official_lerobot,lerobot/aloha_static_battery,False,unknown,300.0,100.0,200.0,49,29400,1,0.163,12.0,50.0,50.0,50.0,unknown,dual_arm,high,ALOHA or bimanual naming indicates dual-arm embodiment,14,14,14,14,4,observation.images.cam_high | observation.images.cam_left_wrist | observation.images.cam_low | observation.images.cam_right_wrist,observation.images.cam_high:480x640x3 | observation.images.cam_left_wrist:480x640x3 | observation.images.cam_low:480x640x3 | observation.images.cam_right_wrist:480x640x3,video | video | video | video,single_task_instruction,True,1,Place the battery into the slot of the remote controller.,False,False,,https://huggingface.co/datasets/lerobot/aloha_static_battery/blob/main/README.md,https://huggingface.co/datasets/lerobot/aloha_static_battery,
official_lerobot,lerobot/aloha_static_candy,False,unknown,600.0,100.0,500.0,50,35000,1,0.194,14.0,50.0,50.0,50.0,aloha,dual_arm,high,ALOHA or bimanual naming indicates dual-arm embodiment,14,14,14,14,4,observation.images.cam_high | observation.images.cam_left_wrist | observation.images.cam_low | observation.images.cam_right_wrist,observation.images.cam_high:480x640x3 | observation.images.cam_left_wrist:480x640x3 | observation.images.cam_low:480x640x3 | observation.images.cam_right_wrist:480x640x3,video | video | video | video,single_task_instruction,True,1,Pick up the candy and unwrap it.,False,False,,https://huggingface.co/datasets/lerobot/aloha_static_candy/blob/main/README.md,https://huggingface.co/datasets/lerobot/aloha_static_candy,
official_lerobot,lerobot/aloha_static_coffee,False,unknown,600.0,100.0,500.0,50,55000,1,0.306,22.0,50.0,50.0,50.0,aloha,dual_arm,high,ALOHA or bimanual naming indicates dual-arm embodiment,14,14,14,14,4,observation.images.cam_high | observation.images.cam_left_wrist | observation.images.cam_low | observation.images.cam_right_wrist,observation.images.cam_high:480x640x3 | observation.images.cam_left_wrist:480x640x3 | observation.images.cam_low:480x640x3 | observation.images.cam_right_wrist:480x640x3,video | video | video | video,single_task_instruction,True,1,"Place the coffee capsule inside the capsule container, then place the cup onto the center of the cup tray, then push the 'Hot Water' and 'Travel Mug' buttons.",False,False,,https://huggingface.co/datasets/lerobot/aloha_static_coffee/blob/main/README.md,https://huggingface.co/datasets/lerobot/aloha_static_coffee,
official_lerobot,lerobot/aloha_static_coffee_new,False,unknown,600.0,100.0,500.0,50,75000,1,0.417,30.0,50.0,50.0,50.0,aloha,dual_arm,high,ALOHA or bimanual naming indicates dual-arm embodiment,14,14,14,14,4,observation.images.cam_high | observation.images.cam_left_wrist | observation.images.cam_low | observation.images.cam_right_wrist,observation.images.cam_high:480x640x3 | observation.images.cam_left_wrist:480x640x3 | observation.images.cam_low:480x640x3 | observation.images.cam_right_wrist:480x640x3,video | video | video | video,single_task_instruction,True,1,"Place the coffee capsule inside the capsule container, then place the cup onto the center of the cup tray.",False,False,,https://huggingface.co/datasets/lerobot/aloha_static_coffee_new/blob/main/README.md,https://huggingface.co/datasets/lerobot/aloha_static_coffee_new,
official_lerobot,lerobot/aloha_static_cups_open,False,unknown,600.0,100.0,500.0,50,20000,1,0.111,8.0,50.0,50.0,50.0,aloha,dual_arm,high,ALOHA or bimanual naming indicates dual-arm embodiment,14,14,14,14,4,observation.images.cam_high | observation.images.cam_left_wrist | observation.images.cam_low | observation.images.cam_right_wrist,observation.images.cam_high:480x640x3 | observation.images.cam_left_wrist:480x640x3 | observation.images.cam_low:480x640x3 | observation.images.cam_right_wrist:480x640x3,video | video | video | video,single_task_instruction,True,1,Pick up the plastic cup and open its lid.,False,False,,https://huggingface.co/datasets/lerobot/aloha_static_cups_open/blob/main/README.md,https://huggingface.co/datasets/lerobot/aloha_static_cups_open,
official_lerobot,lerobot/aloha_static_fork_pick_up,False,unknown,300.0,100.0,200.0,100,60000,1,0.333,12.0,50.0,50.0,50.0,unknown,dual_arm,high,ALOHA or bimanual naming indicates dual-arm embodiment,14,14,14,14,4,observation.images.cam_high | observation.images.cam_left_wrist | observation.images.cam_low | observation.images.cam_right_wrist,observation.images.cam_high:480x640x3 | observation.images.cam_left_wrist:480x640x3 | observation.images.cam_low:480x640x3 | observation.images.cam_right_wrist:480x640x3,video | video | video | video,single_task_instruction,True,1,"""Pick up the fork and place it on the plate.""",False,False,,https://huggingface.co/datasets/lerobot/aloha_static_fork_pick_up/blob/main/README.md,https://huggingface.co/datasets/lerobot/aloha_static_fork_pick_up,
official_lerobot,lerobot/aloha_static_pingpong_test,False,unknown,600.0,100.0,500.0,10,6000,1,0.033,12.0,50.0,50.0,50.0,aloha,dual_arm,high,ALOHA or bimanual naming indicates dual-arm embodiment,14,14,14,14,4,observation.images.cam_high | observation.images.cam_left_wrist | observation.images.cam_low | observation.images.cam_right_wrist,observation.images.cam_high:480x640x3 | observation.images.cam_left_wrist:480x640x3 | observation.images.cam_low:480x640x3 | observation.images.cam_right_wrist:480x640x3,video | video | video | video,single_task_instruction,True,1,"Transfer one of the two balls in the right glass into the left glass, then transfer it back to the right glass.",False,False,,https://huggingface.co/datasets/lerobot/aloha_static_pingpong_test/blob/main/README.md,https://huggingface.co/datasets/lerobot/aloha_static_pingpong_test,
official_lerobot,lerobot/aloha_static_pro_pencil,False,unknown,600.0,100.0,500.0,25,8750,1,0.049,7.0,50.0,50.0,50.0,aloha,dual_arm,high,ALOHA or bimanual naming indicates dual-arm embodiment,14,14,14,14,4,observation.images.cam_high | observation.images.cam_left_wrist | observation.images.cam_low | observation.images.cam_right_wrist,observation.images.cam_high:480x640x3 | observation.images.cam_left_wrist:480x640x3 | observation.images.cam_low:480x640x3 | observation.images.cam_right_wrist:480x640x3,video | video | video | video,single_task_instruction,True,1,"Pick up the pencil with the right arm, hand it over to the left arm then place it back onto the table.",False,False,,https://huggingface.co/datasets/lerobot/aloha_static_pro_pencil/blob/main/README.md,https://huggingface.co/datasets/lerobot/aloha_static_pro_pencil,
official_lerobot,lerobot/aloha_static_screw_driver,False,unknown,600.0,100.0,500.0,50,20000,1,0.111,8.0,50.0,50.0,50.0,aloha,dual_arm,high,ALOHA or bimanual naming indicates dual-arm embodiment,14,14,14,14,4,observation.images.cam_high | observation.images.cam_left_wrist | observation.images.cam_low | observation.images.cam_right_wrist,observation.images.cam_high:480x640x3 | observation.images.cam_left_wrist:480x640x3 | observation.images.cam_low:480x640x3 | observation.images.cam_right_wrist:480x640x3,video | video | video | video,single_task_instruction,True,1,"Pick up the screwdriver with the right arm, hand it over to the left arm then place it into the cup.",False,False,,https://huggingface.co/datasets/lerobot/aloha_static_screw_driver/blob/main/README.md,https://huggingface.co/datasets/lerobot/aloha_static_screw_driver,
official_lerobot,lerobot/aloha_static_tape,False,unknown,300.0,100.0,200.0,50,35000,1,0.194,14.0,50.0,50.0,50.0,unknown,dual_arm,high,ALOHA or bimanual naming indicates dual-arm embodiment,14,14,14,14,4,observation.images.cam_high | observation.images.cam_left_wrist | observation.images.cam_low | observation.images.cam_right_wrist,observation.images.cam_high:480x640x3 | observation.images.cam_left_wrist:480x640x3 | observation.images.cam_low:480x640x3 | observation.images.cam_right_wrist:480x640x3,video | video | video | video,single_task_instruction,True,1,"""Cut a small piece of tape from the tape dispenser then place it on the cardboard box's edge.""",False,False,,https://huggingface.co/datasets/lerobot/aloha_static_tape/blob/main/README.md,https://huggingface.co/datasets/lerobot/aloha_static_tape,
official_lerobot,lerobot/aloha_static_thread_velcro,False,unknown,300.0,100.0,200.0,49,34300,1,0.191,14.0,50.0,50.0,50.0,unknown,dual_arm,high,ALOHA or bimanual naming indicates dual-arm embodiment,14,14,14,14,4,observation.images.cam_high | observation.images.cam_left_wrist | observation.images.cam_low | observation.images.cam_right_wrist,observation.images.cam_high:480x640x3 | observation.images.cam_left_wrist:480x640x3 | observation.images.cam_low:480x640x3 | observation.images.cam_right_wrist:480x640x3,video | video | video | video,single_task_instruction,True,1,"Pick up the velcro cable tie with the left arm, then insert the end of the velcro tie into the other end's loop with the right arm.",False,False,,https://huggingface.co/datasets/lerobot/aloha_static_thread_velcro/blob/main/README.md,https://huggingface.co/datasets/lerobot/aloha_static_thread_velcro,
official_lerobot,lerobot/aloha_static_towel,False,unknown,600.0,100.0,500.0,50,25000,1,0.139,10.0,50.0,50.0,50.0,aloha,dual_arm,high,ALOHA or bimanual naming indicates dual-arm embodiment,14,14,14,14,4,observation.images.cam_high | observation.images.cam_left_wrist | observation.images.cam_low | observation.images.cam_right_wrist,observation.images.cam_high:480x640x3 | observation.images.cam_left_wrist:480x640x3 | observation.images.cam_low:480x640x3 | observation.images.cam_right_wrist:480x640x3,video | video | video | video,single_task_instruction+dense_temporal+sparse_temporal,True,1,Pick up a piece of paper towel and place it on the spilled liquid.,True,True,,https://huggingface.co/datasets/lerobot/aloha_static_towel/blob/main/README.md,https://huggingface.co/datasets/lerobot/aloha_static_towel,
official_lerobot,lerobot/aloha_static_vinh_cup,False,unknown,600.0,100.0,500.0,101,45500,1,0.253,9.01,50.0,50.0,50.0,aloha,dual_arm,high,ALOHA or bimanual naming indicates dual-arm embodiment,14,14,14,14,4,observation.images.cam_high | observation.images.cam_left_wrist | observation.images.cam_low | observation.images.cam_right_wrist,observation.images.cam_high:480x640x3 | observation.images.cam_left_wrist:480x640x3 | observation.images.cam_low:480x640x3 | observation.images.cam_right_wrist:480x640x3,video | video | video | video,single_task_instruction,True,1,"Pick up the platic cup with the right arm, then pop its lid open with the left arm.",False,False,,https://huggingface.co/datasets/lerobot/aloha_static_vinh_cup/blob/main/README.md,https://huggingface.co/datasets/lerobot/aloha_static_vinh_cup,
official_lerobot,lerobot/aloha_static_vinh_cup_left,False,unknown,600.0,100.0,500.0,100,50000,1,0.278,10.0,50.0,50.0,50.0,aloha,dual_arm,high,ALOHA or bimanual naming indicates dual-arm embodiment,14,14,14,14,4,observation.images.cam_high | observation.images.cam_left_wrist | observation.images.cam_low | observation.images.cam_right_wrist,observation.images.cam_high:480x640x3 | observation.images.cam_left_wrist:480x640x3 | observation.images.cam_low:480x640x3 | observation.images.cam_right_wrist:480x640x3,video | video | video | video,single_task_instruction,True,1,"Pick up the platic cup with the left arm, then pop its lid open with the right arm.",False,False,,https://huggingface.co/datasets/lerobot/aloha_static_vinh_cup_left/blob/main/README.md,https://huggingface.co/datasets/lerobot/aloha_static_vinh_cup_left,
official_lerobot,lerobot/aloha_static_ziploc_slide,False,unknown,600.0,100.0,500.0,56,16800,1,0.093,6.0,50.0,50.0,50.0,aloha,dual_arm,high,ALOHA or bimanual naming indicates dual-arm embodiment,14,14,14,14,4,observation.images.cam_high | observation.images.cam_left_wrist | observation.images.cam_low | observation.images.cam_right_wrist,observation.images.cam_high:480x640x3 | observation.images.cam_left_wrist:480x640x3 | observation.images.cam_low:480x640x3 | observation.images.cam_right_wrist:480x640x3,video | video | video | video,single_task_instruction,True,1,Slide open the ziploc bag.,False,False,,https://huggingface.co/datasets/lerobot/aloha_static_ziploc_slide/blob/main/README.md,https://huggingface.co/datasets/lerobot/aloha_static_ziploc_slide,
official_lerobot,lerobot/asu_table_top,False,unknown,600.0,100.0,500.0,110,26113,216,1.451,47.48,5.0,5.0,5.0,unknown,single_arm,medium,action/state dimension matches common single-arm control,7,7,7,7,1,observation.images.image,observation.images.image:224x224x3,video,multi_task_instruction,True,216,put down glass bottle | place down bottle | place down glass bottle,False,False,,https://huggingface.co/datasets/lerobot/asu_table_top/blob/main/README.md,https://huggingface.co/datasets/lerobot/asu_table_top,
official_lerobot,lerobot/austin_buds_dataset,False,unknown,600.0,100.0,500.0,50,34112,1,1.895,136.45,5.0,5.0,5.0,unknown,single_arm,medium,action/state dimension matches common single-arm control,7,7,24,24,2,observation.images.image | observation.images.wrist_image,observation.images.image:128x128x3 | observation.images.wrist_image:128x128x3,video | video,single_task_instruction,True,1,"Take the lid off the pot, put the pot on the plate, and use the tool to push to pot to the front of the table.",False,False,,https://huggingface.co/datasets/lerobot/austin_buds_dataset/blob/main/README.md,https://huggingface.co/datasets/lerobot/austin_buds_dataset,
official_lerobot,lerobot/austin_sailor_dataset,False,unknown,600.0,100.0,500.0,240,353094,4,4.904,73.56,20.0,20.0,20.0,unknown,single_arm,medium,action/state dimension matches common single-arm control,7,7,8,8,2,observation.images.wrist_image | observation.images.image,observation.images.wrist_image:128x128x3 | observation.images.image:128x128x3,video | video,multi_task_instruction,True,4,"Interact with the objects in diverse but meaningful ways. | Place the fish, sausage, and tomato into the frying pan. | Place the bread, butter, and milk from the table onto the serving area.",False,False,,https://huggingface.co/datasets/lerobot/austin_sailor_dataset/blob/main/README.md,https://huggingface.co/datasets/lerobot/austin_sailor_dataset,
official_lerobot,lerobot/austin_sirius_dataset,False,unknown,600.0,100.0,500.0,559,279939,2,3.888,25.04,20.0,20.0,20.0,unknown,single_arm,medium,action/state dimension matches common single-arm control,7,7,8,8,2,observation.images.image | observation.images.wrist_image,observation.images.image:84x84x3 | observation.images.wrist_image:84x84x3,video | video,multi_task_instruction,True,2,"Open the kcup holder, insert the kcup into the holder, and close the kcup holder | Insert the blue gear onto the right peg, followed by the red gear",False,False,,https://huggingface.co/datasets/lerobot/austin_sirius_dataset/blob/main/README.md,https://huggingface.co/datasets/lerobot/austin_sirius_dataset,
official_lerobot,lerobot/behavior1k-task0000,False,unknown,600.0,100.0,500.0,200,429928,1,3.981,71.65,30.0,30.0,30.0,R1Pro,unknown,low,no strong embodiment signal found,23,23,256,256,9,observation.images.rgb.left_wrist | observation.images.rgb.right_wrist | observation.images.rgb.head | observation.images.depth.left_wrist | observation.images.depth.right_wrist | observation.images.depth.head | observation.images.seg_instance_id.left_wrist | observation.images.seg_instance_id.right_wrist | observation.images.seg_instance_id.head,observation.images.rgb.left_wrist:480x480x3 | observation.images.rgb.right_wrist:480x480x3 | observation.images.rgb.head:720x720x3 | observation.images.depth.left_wrist:480x480x3 | observation.images.depth.right_wrist:480x480x3 | observation.images.depth.head:720x720x3 | observation.images.seg_instance_id.left_wrist:480x480x3 | observation.images.seg_instance_id.right_wrist:480x480x3 | observation.images.seg_instance_id.head:720x720x3,video | video | video | video | video | video | video | video | video,single_task_instruction+language_fields,True,1,Turn on the radio receiver that's on the table in the living room.,False,False,observation.task_info,https://huggingface.co/datasets/lerobot/behavior1k-task0000/blob/main/README.md,https://huggingface.co/datasets/lerobot/behavior1k-task0000,
official_lerobot,lerobot/behavior1k-task0001,False,unknown,600.0,100.0,500.0,200,1053550,1,9.755,175.59,30.0,30.0,30.0,R1Pro,unknown,low,no strong embodiment signal found,23,23,256,256,9,observation.images.rgb.left_wrist | observation.images.rgb.right_wrist | observation.images.rgb.head | observation.images.depth.left_wrist | observation.images.depth.right_wrist | observation.images.depth.head | observation.images.seg_instance_id.left_wrist | observation.images.seg_instance_id.right_wrist | observation.images.seg_instance_id.head,observation.images.rgb.left_wrist:480x480x3 | observation.images.rgb.right_wrist:480x480x3 | observation.images.rgb.head:720x720x3 | observation.images.depth.left_wrist:480x480x3 | observation.images.depth.right_wrist:480x480x3 | observation.images.depth.head:720x720x3 | observation.images.seg_instance_id.left_wrist:480x480x3 | observation.images.seg_instance_id.right_wrist:480x480x3 | observation.images.seg_instance_id.head:720x720x3,video | video | video | video | video | video | video | video | video,single_task_instruction+language_fields,True,1,Put the three can of soda from the living room inside the tash can in the kitchen.,False,False,observation.task_info,https://huggingface.co/datasets/lerobot/behavior1k-task0001/blob/main/README.md,https://huggingface.co/datasets/lerobot/behavior1k-task0001,
official_lerobot,lerobot/behavior1k-task0002,False,unknown,600.0,100.0,500.0,200,2766429,1,25.615,461.07,30.0,30.0,30.0,R1Pro,unknown,low,no strong embodiment signal found,23,23,256,256,9,observation.images.rgb.left_wrist | observation.images.rgb.right_wrist | observation.images.rgb.head | observation.images.depth.left_wrist | observation.images.depth.right_wrist | observation.images.depth.head | observation.images.seg_instance_id.left_wrist | observation.images.seg_instance_id.right_wrist | observation.images.seg_instance_id.head,observation.images.rgb.left_wrist:480x480x3 | observation.images.rgb.right_wrist:480x480x3 | observation.images.rgb.head:720x720x3 | observation.images.depth.left_wrist:480x480x3 | observation.images.depth.right_wrist:480x480x3 | observation.images.depth.head:720x720x3 | observation.images.seg_instance_id.left_wrist:480x480x3 | observation.images.seg_instance_id.right_wrist:480x480x3 | observation.images.seg_instance_id.head:720x720x3,video | video | video | video | video | video | video | video | video,single_task_instruction+language_fields,True,1,"Place each of the two pumpkins and all three candles from the living room inside a cabinet in the living room (use any cabinet), then make sure every cabinet is closed, and position the cauldron so it is next to a table in the living room.",False,False,observation.task_info,https://huggingface.co/datasets/lerobot/behavior1k-task0002/blob/main/README.md,https://huggingface.co/datasets/lerobot/behavior1k-task0002,
official_lerobot,lerobot/behavior1k-task0003,False,unknown,600.0,100.0,500.0,200,2739238,1,25.363,456.54,30.0,30.0,30.0,R1Pro,unknown,low,no strong embodiment signal found,23,23,256,256,9,observation.images.rgb.left_wrist | observation.images.rgb.right_wrist | observation.images.rgb.head | observation.images.depth.left_wrist | observation.images.depth.right_wrist | observation.images.depth.head | observation.images.seg_instance_id.left_wrist | observation.images.seg_instance_id.right_wrist | observation.images.seg_instance_id.head,observation.images.rgb.left_wrist:480x480x3 | observation.images.rgb.right_wrist:480x480x3 | observation.images.rgb.head:720x720x3 | observation.images.depth.left_wrist:480x480x3 | observation.images.depth.right_wrist:480x480x3 | observation.images.depth.head:720x720x3 | observation.images.seg_instance_id.left_wrist:480x480x3 | observation.images.seg_instance_id.right_wrist:480x480x3 | observation.images.seg_instance_id.head:720x720x3,video | video | video | video | video | video | video | video | video,single_task_instruction+language_fields,True,1,"From the breakfast table in the kitchen, move both pizzas - keeping each on its plate - into the same refrigerator, put both bowls into one sink, and make sure the refrigerator is closed.",False,False,observation.task_info,https://huggingface.co/datasets/lerobot/behavior1k-task0003/blob/main/README.md,https://huggingface.co/datasets/lerobot/behavior1k-task0003,
official_lerobot,lerobot/behavior1k-task0004,False,unknown,600.0,100.0,500.0,200,2369415,1,21.939,394.9,30.0,30.0,30.0,R1Pro,unknown,low,no strong embodiment signal found,23,23,256,256,9,observation.images.rgb.left_wrist | observation.images.rgb.right_wrist | observation.images.rgb.head | observation.images.depth.left_wrist | observation.images.depth.right_wrist | observation.images.depth.head | observation.images.seg_instance_id.left_wrist | observation.images.seg_instance_id.right_wrist | observation.images.seg_instance_id.head,observation.images.rgb.left_wrist:480x480x3 | observation.images.rgb.right_wrist:480x480x3 | observation.images.rgb.head:720x720x3 | observation.images.depth.left_wrist:480x480x3 | observation.images.depth.right_wrist:480x480x3 | observation.images.depth.head:720x720x3 | observation.images.seg_instance_id.left_wrist:480x480x3 | observation.images.seg_instance_id.right_wrist:480x480x3 | observation.images.seg_instance_id.head:720x720x3,video | video | video | video | video | video | video | video | video,single_task_instruction+language_fields,True,1,"Open the kitchen cabinet, take out the two hinged jars, open them, place exactly two cooked bratwursts from the chopping board on the countertop into each jar, then close both jars, put them back inside the cabinet, and close the cabinet.",False,False,observation.task_info,https://huggingface.co/datasets/lerobot/behavior1k-task0004/blob/main/README.md,https://huggingface.co/datasets/lerobot/behavior1k-task0004,
official_lerobot,lerobot/behavior1k-task0005,False,unknown,600.0,100.0,500.0,200,2034344,1,18.837,339.06,30.0,30.0,30.0,R1Pro,unknown,low,no strong embodiment signal found,23,23,256,256,9,observation.images.rgb.left_wrist | observation.images.rgb.right_wrist | observation.images.rgb.head | observation.images.depth.left_wrist | observation.images.depth.right_wrist | observation.images.depth.head | observation.images.seg_instance_id.left_wrist | observation.images.seg_instance_id.right_wrist | observation.images.seg_instance_id.head,observation.images.rgb.left_wrist:480x480x3 | observation.images.rgb.right_wrist:480x480x3 | observation.images.rgb.head:720x720x3 | observation.images.depth.left_wrist:480x480x3 | observation.images.depth.right_wrist:480x480x3 | observation.images.depth.head:720x720x3 | observation.images.seg_instance_id.left_wrist:480x480x3 | observation.images.seg_instance_id.right_wrist:480x480x3 | observation.images.seg_instance_id.head:720x720x3,video | video | video | video | video | video | video | video | video,single_task_instruction+language_fields,True,1,"Take the four mousetraps from the cabinet in the bathroom and place them on the bathroom floor. Make sure all four end up on the same floor surface, and ensure that at least two of them are either under or directly next to the same bathroom sink.",False,False,observation.task_info,https://huggingface.co/datasets/lerobot/behavior1k-task0005/blob/main/README.md,https://huggingface.co/datasets/lerobot/behavior1k-task0005,
official_lerobot,lerobot/behavior1k-task0006,False,unknown,600.0,100.0,500.0,200,1523945,1,14.111,253.99,30.0,30.0,30.0,R1Pro,unknown,low,no strong embodiment signal found,23,23,256,256,9,observation.images.rgb.left_wrist | observation.images.rgb.right_wrist | observation.images.rgb.head | observation.images.depth.left_wrist | observation.images.depth.right_wrist | observation.images.depth.head | observation.images.seg_instance_id.left_wrist | observation.images.seg_instance_id.right_wrist | observation.images.seg_instance_id.head,observation.images.rgb.left_wrist:480x480x3 | observation.images.rgb.right_wrist:480x480x3 | observation.images.rgb.head:720x720x3 | observation.images.depth.left_wrist:480x480x3 | observation.images.depth.right_wrist:480x480x3 | observation.images.depth.head:720x720x3 | observation.images.seg_instance_id.left_wrist:480x480x3 | observation.images.seg_instance_id.right_wrist:480x480x3 | observation.images.seg_instance_id.head:720x720x3,video | video | video | video | video | video | video | video | video,single_task_instruction+language_fields,True,1,"Take the three Easter eggs out of the wicker basket on the lawn in the garden, then place them on the lawn next to a single tree (choose any tree) so that all three eggs are next to the same tree and none are left in the basket.",False,False,observation.task_info,https://huggingface.co/datasets/lerobot/behavior1k-task0006/blob/main/README.md,https://huggingface.co/datasets/lerobot/behavior1k-task0006,
official_lerobot,lerobot/behavior1k-task0007,False,unknown,600.0,100.0,500.0,200,3778110,1,34.983,629.68,30.0,30.0,30.0,R1Pro,unknown,low,no strong embodiment signal found,23,23,256,256,9,observation.images.rgb.left_wrist | observation.images.rgb.right_wrist | observation.images.rgb.head | observation.images.depth.left_wrist | observation.images.depth.right_wrist | observation.images.depth.head | observation.images.seg_instance_id.left_wrist | observation.images.seg_instance_id.right_wrist | observation.images.seg_instance_id.head,observation.images.rgb.left_wrist:480x480x3 | observation.images.rgb.right_wrist:480x480x3 | observation.images.rgb.head:720x720x3 | observation.images.depth.left_wrist:480x480x3 | observation.images.depth.right_wrist:480x480x3 | observation.images.depth.head:720x720x3 | observation.images.seg_instance_id.left_wrist:480x480x3 | observation.images.seg_instance_id.right_wrist:480x480x3 | observation.images.seg_instance_id.head:720x720x3,video | video | video | video | video | video | video | video | video,single_task_instruction+language_fields,True,1,"Put all the toys in the child's room - the three board games (two on the bed and one on the table), the two jigsaw puzzles on the table, and the tennis ball on the table - inside the toy box on the table in the child's room.",False,False,observation.task_info,https://huggingface.co/datasets/lerobot/behavior1k-task0007/blob/main/README.md,https://huggingface.co/datasets/lerobot/behavior1k-task0007,
official_lerobot,lerobot/behavior1k-task0008,False,unknown,600.0,100.0,500.0,200,1788603,1,16.561,298.1,30.0,30.0,30.0,R1Pro,unknown,low,no strong embodiment signal found,23,23,256,256,9,observation.images.rgb.left_wrist | observation.images.rgb.right_wrist | observation.images.rgb.head | observation.images.depth.left_wrist | observation.images.depth.right_wrist | observation.images.depth.head | observation.images.seg_instance_id.left_wrist | observation.images.seg_instance_id.right_wrist | observation.images.seg_instance_id.head,observation.images.rgb.left_wrist:480x480x3 | observation.images.rgb.right_wrist:480x480x3 | observation.images.rgb.head:720x720x3 | observation.images.depth.left_wrist:480x480x3 | observation.images.depth.right_wrist:480x480x3 | observation.images.depth.head:720x720x3 | observation.images.seg_instance_id.left_wrist:480x480x3 | observation.images.seg_instance_id.right_wrist:480x480x3 | observation.images.seg_instance_id.head:720x720x3,video | video | video | video | video | video | video | video | video,single_task_instruction+language_fields,True,1,"Move the toaster, food processor, and French press from the kitchen countertop into the same kitchen cabinet, and make sure that cabinet is closed at the end.",False,False,observation.task_info,https://huggingface.co/datasets/lerobot/behavior1k-task0008/blob/main/README.md,https://huggingface.co/datasets/lerobot/behavior1k-task0008,
official_lerobot,lerobot/behavior1k-task0009,False,unknown,600.0,100.0,500.0,200,2743752,1,25.405,457.29,30.0,30.0,30.0,R1Pro,unknown,low,no strong embodiment signal found,23,23,256,256,9,observation.images.rgb.left_wrist | observation.images.rgb.right_wrist | observation.images.rgb.head | observation.images.depth.left_wrist | observation.images.depth.right_wrist | observation.images.depth.head | observation.images.seg_instance_id.left_wrist | observation.images.seg_instance_id.right_wrist | observation.images.seg_instance_id.head,observation.images.rgb.left_wrist:480x480x3 | observation.images.rgb.right_wrist:480x480x3 | observation.images.rgb.head:720x720x3 | observation.images.depth.left_wrist:480x480x3 | observation.images.depth.right_wrist:480x480x3 | observation.images.depth.head:720x720x3 | observation.images.seg_instance_id.left_wrist:480x480x3 | observation.images.seg_instance_id.right_wrist:480x480x3 | observation.images.seg_instance_id.head:720x720x3,video | video | video | video | video | video | video | video | video,single_task_instruction+language_fields,True,1,"In the living room, take the wreath, three candy canes, and two pillar candles out of the wicker basket. Place the wreath and two of the candy canes on the same living-room sofa. Put the remaining candy cane on top of a dining-room table. Put both pillar candles together on top of one dining-room table (they can share the same table). Finally, place all three gift boxes under or right next to the Christmas tree in the living room.",False,False,observation.task_info,https://huggingface.co/datasets/lerobot/behavior1k-task0009/blob/main/README.md,https://huggingface.co/datasets/lerobot/behavior1k-task0009,
official_lerobot,lerobot/behavior1k-task0010,False,unknown,600.0,100.0,500.0,200,1253243,1,11.604,208.87,30.0,30.0,30.0,R1Pro,unknown,low,no strong embodiment signal found,23,23,256,256,9,observation.images.rgb.left_wrist | observation.images.rgb.right_wrist | observation.images.rgb.head | observation.images.depth.left_wrist | observation.images.depth.right_wrist | observation.images.depth.head | observation.images.seg_instance_id.left_wrist | observation.images.seg_instance_id.right_wrist | observation.images.seg_instance_id.head,observation.images.rgb.left_wrist:480x480x3 | observation.images.rgb.right_wrist:480x480x3 | observation.images.rgb.head:720x720x3 | observation.images.depth.left_wrist:480x480x3 | observation.images.depth.right_wrist:480x480x3 | observation.images.depth.head:720x720x3 | observation.images.seg_instance_id.left_wrist:480x480x3 | observation.images.seg_instance_id.right_wrist:480x480x3 | observation.images.seg_instance_id.head:720x720x3,video | video | video | video | video | video | video | video | video,single_task_instruction+language_fields,True,1,"Set up a coffee station on the kitchen countertop: keep the coffee maker on the countertop, move the bottle of coffee from the kitchen shelf to the counter next to the coffee maker, place a paper coffee filter on top of the coffee maker, put the saucer next to the coffee maker with the coffee cup on the saucer, and place the electric kettle next to the coffee maker.",False,False,observation.task_info,https://huggingface.co/datasets/lerobot/behavior1k-task0010/blob/main/README.md,https://huggingface.co/datasets/lerobot/behavior1k-task0010,
official_lerobot,lerobot/behavior1k-task0011,False,unknown,600.0,100.0,500.0,200,2190686,1,20.284,365.11,30.0,30.0,30.0,R1Pro,unknown,low,no strong embodiment signal found,23,23,256,256,9,observation.images.rgb.left_wrist | observation.images.rgb.right_wrist | observation.images.rgb.head | observation.images.depth.left_wrist | observation.images.depth.right_wrist | observation.images.depth.head | observation.images.seg_instance_id.left_wrist | observation.images.seg_instance_id.right_wrist | observation.images.seg_instance_id.head,observation.images.rgb.left_wrist:480x480x3 | observation.images.rgb.right_wrist:480x480x3 | observation.images.rgb.head:720x720x3 | observation.images.depth.left_wrist:480x480x3 | observation.images.depth.right_wrist:480x480x3 | observation.images.depth.head:720x720x3 | observation.images.seg_instance_id.left_wrist:480x480x3 | observation.images.seg_instance_id.right_wrist:480x480x3 | observation.images.seg_instance_id.head:720x720x3,video | video | video | video | video | video | video | video | video,single_task_instruction+language_fields,True,1,"In the kitchen, gather all eight plates from the two countertops, place them all inside a single cabinet (either one), and make sure all cabinets are closed when you're done.",False,False,observation.task_info,https://huggingface.co/datasets/lerobot/behavior1k-task0011/blob/main/README.md,https://huggingface.co/datasets/lerobot/behavior1k-task0011,
official_lerobot,lerobot/behavior1k-task0012,False,unknown,600.0,100.0,500.0,200,1649060,1,15.269,274.84,30.0,30.0,30.0,R1Pro,unknown,low,no strong embodiment signal found,23,23,256,256,9,observation.images.rgb.left_wrist | observation.images.rgb.right_wrist | observation.images.rgb.head | observation.images.depth.left_wrist | observation.images.depth.right_wrist | observation.images.depth.head | observation.images.seg_instance_id.left_wrist | observation.images.seg_instance_id.right_wrist | observation.images.seg_instance_id.head,observation.images.rgb.left_wrist:480x480x3 | observation.images.rgb.right_wrist:480x480x3 | observation.images.rgb.head:720x720x3 | observation.images.depth.left_wrist:480x480x3 | observation.images.depth.right_wrist:480x480x3 | observation.images.depth.head:720x720x3 | observation.images.seg_instance_id.left_wrist:480x480x3 | observation.images.seg_instance_id.right_wrist:480x480x3 | observation.images.seg_instance_id.head:720x720x3,video | video | video | video | video | video | video | video | video,single_task_instruction+language_fields,True,1,"Put both apple halves, the club sandwich, and the chocolate chip cookie from the chopping board on the kitchen countertop into the packing box on the countertop. Then take the bottle of tea out of the refrigerator, put it into the same box, and close the refrigerator when you're done.",False,False,observation.task_info,https://huggingface.co/datasets/lerobot/behavior1k-task0012/blob/main/README.md,https://huggingface.co/datasets/lerobot/behavior1k-task0012,
official_lerobot,lerobot/behavior1k-task0013,False,unknown,600.0,100.0,500.0,200,3845274,1,35.604,640.88,30.0,30.0,30.0,R1Pro,unknown,low,no strong embodiment signal found,23,23,256,256,9,observation.images.rgb.left_wrist | observation.images.rgb.right_wrist | observation.images.rgb.head | observation.images.depth.left_wrist | observation.images.depth.right_wrist | observation.images.depth.head | observation.images.seg_instance_id.left_wrist | observation.images.seg_instance_id.right_wrist | observation.images.seg_instance_id.head,observation.images.rgb.left_wrist:480x480x3 | observation.images.rgb.right_wrist:480x480x3 | observation.images.rgb.head:720x720x3 | observation.images.depth.left_wrist:480x480x3 | observation.images.depth.right_wrist:480x480x3 | observation.images.depth.head:720x720x3 | observation.images.seg_instance_id.left_wrist:480x480x3 | observation.images.seg_instance_id.right_wrist:480x480x3 | observation.images.seg_instance_id.head:720x720x3,video | video | video | video | video | video | video | video | video,single_task_instruction+language_fields,True,1,"Put the digital camera from the living room table into the container on the living room floor. Then take the container and the tennis racket to the garage, place both in the car trunk, and close it.",False,False,observation.task_info,https://huggingface.co/datasets/lerobot/behavior1k-task0013/blob/main/README.md,https://huggingface.co/datasets/lerobot/behavior1k-task0013,
official_lerobot,lerobot/behavior1k-task0014,False,unknown,600.0,100.0,500.0,200,2854961,1,26.435,475.83,30.0,30.0,30.0,R1Pro,unknown,low,no strong embodiment signal found,23,23,256,256,9,observation.images.rgb.left_wrist | observation.images.rgb.right_wrist | observation.images.rgb.head | observation.images.depth.left_wrist | observation.images.depth.right_wrist | observation.images.depth.head | observation.images.seg_instance_id.left_wrist | observation.images.seg_instance_id.right_wrist | observation.images.seg_instance_id.head,observation.images.rgb.left_wrist:480x480x3 | observation.images.rgb.right_wrist:480x480x3 | observation.images.rgb.head:720x720x3 | observation.images.depth.left_wrist:480x480x3 | observation.images.depth.right_wrist:480x480x3 | observation.images.depth.head:720x720x3 | observation.images.seg_instance_id.left_wrist:480x480x3 | observation.images.seg_instance_id.right_wrist:480x480x3 | observation.images.seg_instance_id.head:720x720x3,video | video | video | video | video | video | video | video | video,single_task_instruction+language_fields,True,1,"Take the sack of groceries out of the car trunk in the garage, bring it to the kitchen, and put both the tomato and the carton of milk into the refrigerator in the kitchen. When you're done, close the car trunk and make sure the refrigerator in the kitchen is closed.",False,False,observation.task_info,https://huggingface.co/datasets/lerobot/behavior1k-task0014/blob/main/README.md,https://huggingface.co/datasets/lerobot/behavior1k-task0014,
official_lerobot,lerobot/behavior1k-task0015,False,unknown,600.0,100.0,500.0,200,2707131,1,25.066,451.19,30.0,30.0,30.0,R1Pro,unknown,low,no strong embodiment signal found,23,23,256,256,9,observation.images.rgb.left_wrist | observation.images.rgb.right_wrist | observation.images.rgb.head | observation.images.depth.left_wrist | observation.images.depth.right_wrist | observation.images.depth.head | observation.images.seg_instance_id.left_wrist | observation.images.seg_instance_id.right_wrist | observation.images.seg_instance_id.head,observation.images.rgb.left_wrist:480x480x3 | observation.images.rgb.right_wrist:480x480x3 | observation.images.rgb.head:720x720x3 | observation.images.depth.left_wrist:480x480x3 | observation.images.depth.right_wrist:480x480x3 | observation.images.depth.head:720x720x3 | observation.images.seg_instance_id.left_wrist:480x480x3 | observation.images.seg_instance_id.right_wrist:480x480x3 | observation.images.seg_instance_id.head:720x720x3,video | video | video | video | video | video | video | video | video,single_task_instruction+language_fields,True,1,Bring the three plywood sheets from the garden into the corridor and place them on the floor there.,False,False,observation.task_info,https://huggingface.co/datasets/lerobot/behavior1k-task0015/blob/main/README.md,https://huggingface.co/datasets/lerobot/behavior1k-task0015,
official_lerobot,lerobot/behavior1k-task0016,False,unknown,600.0,100.0,500.0,200,2919245,1,27.03,486.54,30.0,30.0,30.0,R1Pro,unknown,low,no strong embodiment signal found,23,23,256,256,9,observation.images.rgb.left_wrist | observation.images.rgb.right_wrist | observation.images.rgb.head | observation.images.depth.left_wrist | observation.images.depth.right_wrist | observation.images.depth.head | observation.images.seg_instance_id.left_wrist | observation.images.seg_instance_id.right_wrist | observation.images.seg_instance_id.head,observation.images.rgb.left_wrist:480x480x3 | observation.images.rgb.right_wrist:480x480x3 | observation.images.rgb.head:720x720x3 | observation.images.depth.left_wrist:480x480x3 | observation.images.depth.right_wrist:480x480x3 | observation.images.depth.head:720x720x3 | observation.images.seg_instance_id.left_wrist:480x480x3 | observation.images.seg_instance_id.right_wrist:480x480x3 | observation.images.seg_instance_id.head:720x720x3,video | video | video | video | video | video | video | video | video,single_task_instruction+language_fields,True,1,"Move the two storage containers from the living room to the garage. In the garage, place one container on the floor and stack the other container on top of it (either order is fine).",False,False,observation.task_info,https://huggingface.co/datasets/lerobot/behavior1k-task0016/blob/main/README.md,https://huggingface.co/datasets/lerobot/behavior1k-task0016,
official_lerobot,lerobot/behavior1k-task0017,False,unknown,600.0,100.0,500.0,200,1887709,1,17.479,314.62,30.0,30.0,30.0,R1Pro,unknown,low,no strong embodiment signal found,23,23,256,256,9,observation.images.rgb.left_wrist | observation.images.rgb.right_wrist | observation.images.rgb.head | observation.images.depth.left_wrist | observation.images.depth.right_wrist | observation.images.depth.head | observation.images.seg_instance_id.left_wrist | observation.images.seg_instance_id.right_wrist | observation.images.seg_instance_id.head,observation.images.rgb.left_wrist:480x480x3 | observation.images.rgb.right_wrist:480x480x3 | observation.images.rgb.head:720x720x3 | observation.images.depth.left_wrist:480x480x3 | observation.images.depth.right_wrist:480x480x3 | observation.images.depth.head:720x720x3 | observation.images.seg_instance_id.left_wrist:480x480x3 | observation.images.seg_instance_id.right_wrist:480x480x3 | observation.images.seg_instance_id.head:720x720x3,video | video | video | video | video | video | video | video | video,single_task_instruction+language_fields,True,1,"Retrieve the two bottles from the refrigerator in the kitchen, bring them to the living room, and place both on the coffee table. Make sure the refrigerator is closed when you finish.",False,False,observation.task_info,https://huggingface.co/datasets/lerobot/behavior1k-task0017/blob/main/README.md,https://huggingface.co/datasets/lerobot/behavior1k-task0017,
official_lerobot,lerobot/behavior1k-task0018,False,unknown,600.0,100.0,500.0,200,2207489,1,20.44,367.91,30.0,30.0,30.0,R1Pro,unknown,low,no strong embodiment signal found,23,23,256,256,9,observation.images.rgb.left_wrist | observation.images.rgb.right_wrist | observation.images.rgb.head | observation.images.depth.left_wrist | observation.images.depth.right_wrist | observation.images.depth.head | observation.images.seg_instance_id.left_wrist | observation.images.seg_instance_id.right_wrist | observation.images.seg_instance_id.head,observation.images.rgb.left_wrist:480x480x3 | observation.images.rgb.right_wrist:480x480x3 | observation.images.rgb.head:720x720x3 | observation.images.depth.left_wrist:480x480x3 | observation.images.depth.right_wrist:480x480x3 | observation.images.depth.head:720x720x3 | observation.images.seg_instance_id.left_wrist:480x480x3 | observation.images.seg_instance_id.right_wrist:480x480x3 | observation.images.seg_instance_id.head:720x720x3,video | video | video | video | video | video | video | video | video,single_task_instruction+language_fields,True,1,"In the bedroom, move the book from the bed onto either nightstand, and place the two sandals side by side next to the bed.",False,False,observation.task_info,https://huggingface.co/datasets/lerobot/behavior1k-task0018/blob/main/README.md,https://huggingface.co/datasets/lerobot/behavior1k-task0018,
official_lerobot,lerobot/behavior1k-task0019,False,unknown,600.0,100.0,500.0,200,2127594,1,19.7,354.6,30.0,30.0,30.0,R1Pro,unknown,low,no strong embodiment signal found,23,23,256,256,9,observation.images.rgb.left_wrist | observation.images.rgb.right_wrist | observation.images.rgb.head | observation.images.depth.left_wrist | observation.images.depth.right_wrist | observation.images.depth.head | observation.images.seg_instance_id.left_wrist | observation.images.seg_instance_id.right_wrist | observation.images.seg_instance_id.head,observation.images.rgb.left_wrist:480x480x3 | observation.images.rgb.right_wrist:480x480x3 | observation.images.rgb.head:720x720x3 | observation.images.depth.left_wrist:480x480x3 | observation.images.depth.right_wrist:480x480x3 | observation.images.depth.head:720x720x3 | observation.images.seg_instance_id.left_wrist:480x480x3 | observation.images.seg_instance_id.right_wrist:480x480x3 | observation.images.seg_instance_id.head:720x720x3,video | video | video | video | video | video | video | video | video,single_task_instruction+language_fields,True,1,"In the utility room, put the drill, pliers, flashlight, Allen wrench, and screwdriver from the tabletop into the toolbox, keep the toolbox on the tabletop, and close the toolbox.",False,False,observation.task_info,https://huggingface.co/datasets/lerobot/behavior1k-task0019/blob/main/README.md,https://huggingface.co/datasets/lerobot/behavior1k-task0019,
official_lerobot,lerobot/behavior1k-task0020,False,unknown,600.0,100.0,500.0,200,2380740,1,22.044,396.79,30.0,30.0,30.0,R1Pro,unknown,low,no strong embodiment signal found,23,23,256,256,9,observation.images.rgb.left_wrist | observation.images.rgb.right_wrist | observation.images.rgb.head | observation.images.depth.left_wrist | observation.images.depth.right_wrist | observation.images.depth.head | observation.images.seg_instance_id.left_wrist | observation.images.seg_instance_id.right_wrist | observation.images.seg_instance_id.head,observation.images.rgb.left_wrist:480x480x3 | observation.images.rgb.right_wrist:480x480x3 | observation.images.rgb.head:720x720x3 | observation.images.depth.left_wrist:480x480x3 | observation.images.depth.right_wrist:480x480x3 | observation.images.depth.head:720x720x3 | observation.images.seg_instance_id.left_wrist:480x480x3 | observation.images.seg_instance_id.right_wrist:480x480x3 | observation.images.seg_instance_id.head:720x720x3,video | video | video | video | video | video | video | video | video,single_task_instruction+language_fields,True,1,Sort the vegetables from the two wicker baskets on the kitchen floor into the mixing bowls on the kitchen countertop: put all three bok choy and all three Vidalia onions together into one mixing bowl; put both leeks and both broccoli together into a second mixing bowl; and put all three sweet corn into a third mixing bowl.,False,False,observation.task_info,https://huggingface.co/datasets/lerobot/behavior1k-task0020/blob/main/README.md,https://huggingface.co/datasets/lerobot/behavior1k-task0020,
official_lerobot,lerobot/behavior1k-task0021,False,unknown,600.0,100.0,500.0,200,3837265,1,35.53,639.54,30.0,30.0,30.0,R1Pro,unknown,low,no strong embodiment signal found,23,23,256,256,9,observation.images.rgb.left_wrist | observation.images.rgb.right_wrist | observation.images.rgb.head | observation.images.depth.left_wrist | observation.images.depth.right_wrist | observation.images.depth.head | observation.images.seg_instance_id.left_wrist | observation.images.seg_instance_id.right_wrist | observation.images.seg_instance_id.head,observation.images.rgb.left_wrist:480x480x3 | observation.images.rgb.right_wrist:480x480x3 | observation.images.rgb.head:720x720x3 | observation.images.depth.left_wrist:480x480x3 | observation.images.depth.right_wrist:480x480x3 | observation.images.depth.head:720x720x3 | observation.images.seg_instance_id.left_wrist:480x480x3 | observation.images.seg_instance_id.right_wrist:480x480x3 | observation.images.seg_instance_id.head:720x720x3,video | video | video | video | video | video | video | video | video,single_task_instruction+language_fields,True,1,"Pick up the two dice from the bed, the two teddy bears from the floor, and the two board games (one from the desk and one from the bed), and place them all inside the same bookcase in the child's room.",False,False,observation.task_info,https://huggingface.co/datasets/lerobot/behavior1k-task0021/blob/main/README.md,https://huggingface.co/datasets/lerobot/behavior1k-task0021,
official_lerobot,lerobot/behavior1k-task0022,False,unknown,600.0,100.0,500.0,200,1538490,1,14.245,256.42,30.0,30.0,30.0,R1Pro,unknown,low,no strong embodiment signal found,23,23,256,256,9,observation.images.rgb.left_wrist | observation.images.rgb.right_wrist | observation.images.rgb.head | observation.images.depth.left_wrist | observation.images.depth.right_wrist | observation.images.depth.head | observation.images.seg_instance_id.left_wrist | observation.images.seg_instance_id.right_wrist | observation.images.seg_instance_id.head,observation.images.rgb.left_wrist:480x480x3 | observation.images.rgb.right_wrist:480x480x3 | observation.images.rgb.head:720x720x3 | observation.images.depth.left_wrist:480x480x3 | observation.images.depth.right_wrist:480x480x3 | observation.images.depth.head:720x720x3 | observation.images.seg_instance_id.left_wrist:480x480x3 | observation.images.seg_instance_id.right_wrist:480x480x3 | observation.images.seg_instance_id.head:720x720x3,video | video | video | video | video | video | video | video | video,single_task_instruction+language_fields,True,1,"Pick up the two gym shoes and the two sandals from the corridor floor and place them onto the hallstand (shoe rack) in the corridor, making sure they are on the rack and not on the floor. Arrange them so the two gym shoes are next to each other and the two sandals are next to each other.",False,False,observation.task_info,https://huggingface.co/datasets/lerobot/behavior1k-task0022/blob/main/README.md,https://huggingface.co/datasets/lerobot/behavior1k-task0022,
official_lerobot,lerobot/behavior1k-task0023,False,unknown,600.0,100.0,500.0,200,4845500,1,44.866,807.58,30.0,30.0,30.0,R1Pro,unknown,low,no strong embodiment signal found,23,23,256,256,9,observation.images.rgb.left_wrist | observation.images.rgb.right_wrist | observation.images.rgb.head | observation.images.depth.left_wrist | observation.images.depth.right_wrist | observation.images.depth.head | observation.images.seg_instance_id.left_wrist | observation.images.seg_instance_id.right_wrist | observation.images.seg_instance_id.head,observation.images.rgb.left_wrist:480x480x3 | observation.images.rgb.right_wrist:480x480x3 | observation.images.rgb.head:720x720x3 | observation.images.depth.left_wrist:480x480x3 | observation.images.depth.right_wrist:480x480x3 | observation.images.depth.head:720x720x3 | observation.images.seg_instance_id.left_wrist:480x480x3 | observation.images.seg_instance_id.right_wrist:480x480x3 | observation.images.seg_instance_id.head:720x720x3,video | video | video | video | video | video | video | video | video,single_task_instruction+language_fields,True,1,Put all six books from the bookcases in the living room into the box on the living room floor.,False,False,observation.task_info,https://huggingface.co/datasets/lerobot/behavior1k-task0023/blob/main/README.md,https://huggingface.co/datasets/lerobot/behavior1k-task0023,
official_lerobot,lerobot/behavior1k-task0024,False,unknown,600.0,100.0,500.0,200,3973824,1,36.795,662.3,30.0,30.0,30.0,R1Pro,unknown,low,no strong embodiment signal found,23,23,256,256,9,observation.images.rgb.left_wrist | observation.images.rgb.right_wrist | observation.images.rgb.head | observation.images.depth.left_wrist | observation.images.depth.right_wrist | observation.images.depth.head | observation.images.seg_instance_id.left_wrist | observation.images.seg_instance_id.right_wrist | observation.images.seg_instance_id.head,observation.images.rgb.left_wrist:480x480x3 | observation.images.rgb.right_wrist:480x480x3 | observation.images.rgb.head:720x720x3 | observation.images.depth.left_wrist:480x480x3 | observation.images.depth.right_wrist:480x480x3 | observation.images.depth.head:720x720x3 | observation.images.seg_instance_id.left_wrist:480x480x3 | observation.images.seg_instance_id.right_wrist:480x480x3 | observation.images.seg_instance_id.head:720x720x3,video | video | video | video | video | video | video | video | video,single_task_instruction+language_fields,True,1,"Put away all the food on the kitchen countertop by storing it inside the kitchen cabinets: move the two boxes of oatmeal, two bags of chips, two bottles of olive oil, and two jars of sugar from the countertop into the kitchen cabinets (each item can go into either cabinet).",False,False,observation.task_info,https://huggingface.co/datasets/lerobot/behavior1k-task0024/blob/main/README.md,https://huggingface.co/datasets/lerobot/behavior1k-task0024,
official_lerobot,lerobot/behavior1k-task0025,False,unknown,600.0,100.0,500.0,200,2613632,1,24.2,435.61,30.0,30.0,30.0,R1Pro,unknown,low,no strong embodiment signal found,23,23,256,256,9,observation.images.rgb.left_wrist | observation.images.rgb.right_wrist | observation.images.rgb.head | observation.images.depth.left_wrist | observation.images.depth.right_wrist | observation.images.depth.head | observation.images.seg_instance_id.left_wrist | observation.images.seg_instance_id.right_wrist | observation.images.seg_instance_id.head,observation.images.rgb.left_wrist:480x480x3 | observation.images.rgb.right_wrist:480x480x3 | observation.images.rgb.head:720x720x3 | observation.images.depth.left_wrist:480x480x3 | observation.images.depth.right_wrist:480x480x3 | observation.images.depth.head:720x720x3 | observation.images.seg_instance_id.left_wrist:480x480x3 | observation.images.seg_instance_id.right_wrist:480x480x3 | observation.images.seg_instance_id.head:720x720x3,video | video | video | video | video | video | video | video | video,single_task_instruction+language_fields,True,1,"Pack the half chicken and the half apple pie from the plates on the breakfast table into the two tupperware containers from the countertop, then put both tupperware containers inside the refrigerator in the kitchen and make sure the refrigerator is closed at the end.",False,False,observation.task_info,https://huggingface.co/datasets/lerobot/behavior1k-task0025/blob/main/README.md,https://huggingface.co/datasets/lerobot/behavior1k-task0025,
official_lerobot,lerobot/behavior1k-task0026,False,unknown,600.0,100.0,500.0,200,5212011,1,48.259,868.67,30.0,30.0,30.0,R1Pro,unknown,low,no strong embodiment signal found,23,23,256,256,9,observation.images.rgb.left_wrist | observation.images.rgb.right_wrist | observation.images.rgb.head | observation.images.depth.left_wrist | observation.images.depth.right_wrist | observation.images.depth.head | observation.images.seg_instance_id.left_wrist | observation.images.seg_instance_id.right_wrist | observation.images.seg_instance_id.head,observation.images.rgb.left_wrist:480x480x3 | observation.images.rgb.right_wrist:480x480x3 | observation.images.rgb.head:720x720x3 | observation.images.depth.left_wrist:480x480x3 | observation.images.depth.right_wrist:480x480x3 | observation.images.depth.head:720x720x3 | observation.images.seg_instance_id.left_wrist:480x480x3 | observation.images.seg_instance_id.right_wrist:480x480x3 | observation.images.seg_instance_id.head:720x720x3,video | video | video | video | video | video | video | video | video,single_task_instruction+language_fields,True,1,"Place one candle, one butter cookie, one piece of Swiss cheese, and one bow from the table into each of the four wicker baskets on the floor in the living room.",False,False,observation.task_info,https://huggingface.co/datasets/lerobot/behavior1k-task0026/blob/main/README.md,https://huggingface.co/datasets/lerobot/behavior1k-task0026,
official_lerobot,lerobot/behavior1k-task0027,False,unknown,600.0,100.0,500.0,200,3161551,1,29.274,526.93,30.0,30.0,30.0,R1Pro,unknown,low,no strong embodiment signal found,23,23,256,256,9,observation.images.rgb.left_wrist | observation.images.rgb.right_wrist | observation.images.rgb.head | observation.images.depth.left_wrist | observation.images.depth.right_wrist | observation.images.depth.head | observation.images.seg_instance_id.left_wrist | observation.images.seg_instance_id.right_wrist | observation.images.seg_instance_id.head,observation.images.rgb.left_wrist:480x480x3 | observation.images.rgb.right_wrist:480x480x3 | observation.images.rgb.head:720x720x3 | observation.images.depth.left_wrist:480x480x3 | observation.images.depth.right_wrist:480x480x3 | observation.images.depth.head:720x720x3 | observation.images.seg_instance_id.left_wrist:480x480x3 | observation.images.seg_instance_id.right_wrist:480x480x3 | observation.images.seg_instance_id.head:720x720x3,video | video | video | video | video | video | video | video | video,single_task_instruction+language_fields,True,1,"From the two baskets on the bedroom floor, take out the items and organize them in the bathroom: place both detergent bottles under the bathroom sink next to each other; put the box of sanitary napkins on the bathroom shelf; set the soap dispenser on the sink; make sure the cup remains on the sink; put both the toothpaste tube and the toothbrush inside the cup.",False,False,observation.task_info,https://huggingface.co/datasets/lerobot/behavior1k-task0027/blob/main/README.md,https://huggingface.co/datasets/lerobot/behavior1k-task0027,
official_lerobot,lerobot/behavior1k-task0028,False,unknown,600.0,100.0,500.0,200,3134202,1,29.02,522.37,30.0,30.0,30.0,R1Pro,unknown,low,no strong embodiment signal found,23,23,256,256,9,observation.images.rgb.left_wrist | observation.images.rgb.right_wrist | observation.images.rgb.head | observation.images.depth.left_wrist | observation.images.depth.right_wrist | observation.images.depth.head | observation.images.seg_instance_id.left_wrist | observation.images.seg_instance_id.right_wrist | observation.images.seg_instance_id.head,observation.images.rgb.left_wrist:480x480x3 | observation.images.rgb.right_wrist:480x480x3 | observation.images.rgb.head:720x720x3 | observation.images.depth.left_wrist:480x480x3 | observation.images.depth.right_wrist:480x480x3 | observation.images.depth.head:720x720x3 | observation.images.seg_instance_id.left_wrist:480x480x3 | observation.images.seg_instance_id.right_wrist:480x480x3 | observation.images.seg_instance_id.head:720x720x3,video | video | video | video | video | video | video | video | video,single_task_instruction+language_fields,True,1,"In the bedroom, organize the workspace by keeping the computer under the desk, ensuring the monitor is on the desk, placing the keyboard on the desk next to the monitor, placing the mouse on the desk next to the keyboard, moving the folder from the swivel chair onto the desk next to the mouse, stacking the notebook on top of the folder with the pen on top of the notebook, and positioning the swivel chair next to the desk.",False,False,observation.task_info,https://huggingface.co/datasets/lerobot/behavior1k-task0028/blob/main/README.md,https://huggingface.co/datasets/lerobot/behavior1k-task0028,
official_lerobot,lerobot/behavior1k-task0029,False,unknown,600.0,100.0,500.0,200,4285704,1,39.682,714.28,30.0,30.0,30.0,R1Pro,unknown,low,no strong embodiment signal found,23,23,256,256,9,observation.images.rgb.left_wrist | observation.images.rgb.right_wrist | observation.images.rgb.head | observation.images.depth.left_wrist | observation.images.depth.right_wrist | observation.images.depth.head | observation.images.seg_instance_id.left_wrist | observation.images.seg_instance_id.right_wrist | observation.images.seg_instance_id.head,observation.images.rgb.left_wrist:480x480x3 | observation.images.rgb.right_wrist:480x480x3 | observation.images.rgb.head:720x720x3 | observation.images.depth.left_wrist:480x480x3 | observation.images.depth.right_wrist:480x480x3 | observation.images.depth.head:720x720x3 | observation.images.seg_instance_id.left_wrist:480x480x3 | observation.images.seg_instance_id.right_wrist:480x480x3 | observation.images.seg_instance_id.head:720x720x3,video | video | video | video | video | video | video | video | video,single_task_instruction+language_fields,True,1,"In the child's room, clean up the desk: put both folders and both paperback books into the bookcase; put the pencil and both pens into the pencil case and leave the case on the desk; take the stapler out of the bookcase and place it on the desk; move the laptop from the bed onto the desk and close it.",False,False,observation.task_info,https://huggingface.co/datasets/lerobot/behavior1k-task0029/blob/main/README.md,https://huggingface.co/datasets/lerobot/behavior1k-task0029,
official_lerobot,lerobot/behavior1k-task0030,False,unknown,600.0,100.0,500.0,200,1823626,1,16.885,303.94,30.0,30.0,30.0,R1Pro,unknown,low,no strong embodiment signal found,23,23,256,256,9,observation.images.rgb.left_wrist | observation.images.rgb.right_wrist | observation.images.rgb.head | observation.images.depth.left_wrist | observation.images.depth.right_wrist | observation.images.depth.head | observation.images.seg_instance_id.left_wrist | observation.images.seg_instance_id.right_wrist | observation.images.seg_instance_id.head,observation.images.rgb.left_wrist:480x480x3 | observation.images.rgb.right_wrist:480x480x3 | observation.images.rgb.head:720x720x3 | observation.images.depth.left_wrist:480x480x3 | observation.images.depth.right_wrist:480x480x3 | observation.images.depth.head:720x720x3 | observation.images.seg_instance_id.left_wrist:480x480x3 | observation.images.seg_instance_id.right_wrist:480x480x3 | observation.images.seg_instance_id.head:720x720x3,video | video | video | video | video | video | video | video | video,single_task_instruction+language_fields,True,1,"In the living room, place the newspaper from the table into the wood fireplace, then put both pieces of firewood from the floor on top of the newspaper. Use the cigar lighter to ignite any one of the items so that the whole pile catches fire, and then turn the lighter off.",False,False,observation.task_info,https://huggingface.co/datasets/lerobot/behavior1k-task0030/blob/main/README.md,https://huggingface.co/datasets/lerobot/behavior1k-task0030,
official_lerobot,lerobot/behavior1k-task0031,False,unknown,600.0,100.0,500.0,200,1647072,1,15.251,274.51,30.0,30.0,30.0,R1Pro,unknown,low,no strong embodiment signal found,23,23,256,256,9,observation.images.rgb.left_wrist | observation.images.rgb.right_wrist | observation.images.rgb.head | observation.images.depth.left_wrist | observation.images.depth.right_wrist | observation.images.depth.head | observation.images.seg_instance_id.left_wrist | observation.images.seg_instance_id.right_wrist | observation.images.seg_instance_id.head,observation.images.rgb.left_wrist:480x480x3 | observation.images.rgb.right_wrist:480x480x3 | observation.images.rgb.head:720x720x3 | observation.images.depth.left_wrist:480x480x3 | observation.images.depth.right_wrist:480x480x3 | observation.images.depth.head:720x720x3 | observation.images.seg_instance_id.left_wrist:480x480x3 | observation.images.seg_instance_id.right_wrist:480x480x3 | observation.images.seg_instance_id.head:720x720x3,video | video | video | video | video | video | video | video | video,single_task_instruction+language_fields,True,1,Wash the two dusty boxing gloves from the countertop in the utility room in the washer until they are no longer covered with dust.,False,False,observation.task_info,https://huggingface.co/datasets/lerobot/behavior1k-task0031/blob/main/README.md,https://huggingface.co/datasets/lerobot/behavior1k-task0031,
official_lerobot,lerobot/behavior1k-task0032,False,unknown,600.0,100.0,500.0,200,1669882,1,15.462,278.31,30.0,30.0,30.0,R1Pro,unknown,low,no strong embodiment signal found,23,23,256,256,9,observation.images.rgb.left_wrist | observation.images.rgb.right_wrist | observation.images.rgb.head | observation.images.depth.left_wrist | observation.images.depth.right_wrist | observation.images.depth.head | observation.images.seg_instance_id.left_wrist | observation.images.seg_instance_id.right_wrist | observation.images.seg_instance_id.head,observation.images.rgb.left_wrist:480x480x3 | observation.images.rgb.right_wrist:480x480x3 | observation.images.rgb.head:720x720x3 | observation.images.depth.left_wrist:480x480x3 | observation.images.depth.right_wrist:480x480x3 | observation.images.depth.head:720x720x3 | observation.images.seg_instance_id.left_wrist:480x480x3 | observation.images.seg_instance_id.right_wrist:480x480x3 | observation.images.seg_instance_id.head:720x720x3,video | video | video | video | video | video | video | video | video,single_task_instruction+language_fields,True,1,Wash the two baseball caps on the countertop in the utility room using the washer until they are no longer dirty.,False,False,observation.task_info,https://huggingface.co/datasets/lerobot/behavior1k-task0032/blob/main/README.md,https://huggingface.co/datasets/lerobot/behavior1k-task0032,
official_lerobot,lerobot/behavior1k-task0033,False,unknown,600.0,100.0,500.0,200,2244560,1,20.783,374.09,30.0,30.0,30.0,R1Pro,unknown,low,no strong embodiment signal found,23,23,256,256,9,observation.images.rgb.left_wrist | observation.images.rgb.right_wrist | observation.images.rgb.head | observation.images.depth.left_wrist | observation.images.depth.right_wrist | observation.images.depth.head | observation.images.seg_instance_id.left_wrist | observation.images.seg_instance_id.right_wrist | observation.images.seg_instance_id.head,observation.images.rgb.left_wrist:480x480x3 | observation.images.rgb.right_wrist:480x480x3 | observation.images.rgb.head:720x720x3 | observation.images.depth.left_wrist:480x480x3 | observation.images.depth.right_wrist:480x480x3 | observation.images.depth.head:720x720x3 | observation.images.seg_instance_id.left_wrist:480x480x3 | observation.images.seg_instance_id.right_wrist:480x480x3 | observation.images.seg_instance_id.head:720x720x3,video | video | video | video | video | video | video | video | video,single_task_instruction+language_fields,True,1,"In the utility room, take the two teddy toys, the tennis ball, and the softball out of the cabinet and wash them in the washer so that both teddies are free of dirt and dust, the tennis ball has no debris, and the softball has no dirt.",False,False,observation.task_info,https://huggingface.co/datasets/lerobot/behavior1k-task0033/blob/main/README.md,https://huggingface.co/datasets/lerobot/behavior1k-task0033,
official_lerobot,lerobot/behavior1k-task0034,False,unknown,600.0,100.0,500.0,200,478034,1,4.426,79.67,30.0,30.0,30.0,R1Pro,unknown,low,no strong embodiment signal found,23,23,256,256,9,observation.images.rgb.left_wrist | observation.images.rgb.right_wrist | observation.images.rgb.head | observation.images.depth.left_wrist | observation.images.depth.right_wrist | observation.images.depth.head | observation.images.seg_instance_id.left_wrist | observation.images.seg_instance_id.right_wrist | observation.images.seg_instance_id.head,observation.images.rgb.left_wrist:480x480x3 | observation.images.rgb.right_wrist:480x480x3 | observation.images.rgb.head:720x720x3 | observation.images.depth.left_wrist:480x480x3 | observation.images.depth.right_wrist:480x480x3 | observation.images.depth.head:720x720x3 | observation.images.seg_instance_id.left_wrist:480x480x3 | observation.images.seg_instance_id.right_wrist:480x480x3 | observation.images.seg_instance_id.head:720x720x3,video | video | video | video | video | video | video | video | video,single_task_instruction+language_fields,True,1,Pick up the poster from the kitchen countertop and hang it on one of the wall nails in the kitchen.,False,False,observation.task_info,https://huggingface.co/datasets/lerobot/behavior1k-task0034/blob/main/README.md,https://huggingface.co/datasets/lerobot/behavior1k-task0034,
official_lerobot,lerobot/behavior1k-task0035,False,unknown,600.0,100.0,500.0,200,782315,1,7.244,130.39,30.0,30.0,30.0,R1Pro,unknown,low,no strong embodiment signal found,23,23,256,256,9,observation.images.rgb.left_wrist | observation.images.rgb.right_wrist | observation.images.rgb.head | observation.images.depth.left_wrist | observation.images.depth.right_wrist | observation.images.depth.head | observation.images.seg_instance_id.left_wrist | observation.images.seg_instance_id.right_wrist | observation.images.seg_instance_id.head,observation.images.rgb.left_wrist:480x480x3 | observation.images.rgb.right_wrist:480x480x3 | observation.images.rgb.head:720x720x3 | observation.images.depth.left_wrist:480x480x3 | observation.images.depth.right_wrist:480x480x3 | observation.images.depth.head:720x720x3 | observation.images.seg_instance_id.left_wrist:480x480x3 | observation.images.seg_instance_id.right_wrist:480x480x3 | observation.images.seg_instance_id.head:720x720x3,video | video | video | video | video | video | video | video | video,single_task_instruction+language_fields,True,1,Attach the digital camera to the camera tripod in the bedroom.,False,False,observation.task_info,https://huggingface.co/datasets/lerobot/behavior1k-task0035/blob/main/README.md,https://huggingface.co/datasets/lerobot/behavior1k-task0035,
official_lerobot,lerobot/behavior1k-task0036,False,unknown,600.0,100.0,500.0,200,2414162,1,22.353,402.36,30.0,30.0,30.0,R1Pro,unknown,low,no strong embodiment signal found,23,23,256,256,9,observation.images.rgb.left_wrist | observation.images.rgb.right_wrist | observation.images.rgb.head | observation.images.depth.left_wrist | observation.images.depth.right_wrist | observation.images.depth.head | observation.images.seg_instance_id.left_wrist | observation.images.seg_instance_id.right_wrist | observation.images.seg_instance_id.head,observation.images.rgb.left_wrist:480x480x3 | observation.images.rgb.right_wrist:480x480x3 | observation.images.rgb.head:720x720x3 | observation.images.depth.left_wrist:480x480x3 | observation.images.depth.right_wrist:480x480x3 | observation.images.depth.head:720x720x3 | observation.images.seg_instance_id.left_wrist:480x480x3 | observation.images.seg_instance_id.right_wrist:480x480x3 | observation.images.seg_instance_id.head:720x720x3,video | video | video | video | video | video | video | video | video,single_task_instruction+language_fields,True,1,Pick up the broom in the garden and sweep the mud off the patio floor until the floor is no longer covered in mud.,False,False,observation.task_info,https://huggingface.co/datasets/lerobot/behavior1k-task0036/blob/main/README.md,https://huggingface.co/datasets/lerobot/behavior1k-task0036,
official_lerobot,lerobot/behavior1k-task0037,False,unknown,600.0,100.0,500.0,200,1058409,1,9.8,176.4,30.0,30.0,30.0,R1Pro,unknown,low,no strong embodiment signal found,23,23,256,256,9,observation.images.rgb.left_wrist | observation.images.rgb.right_wrist | observation.images.rgb.head | observation.images.depth.left_wrist | observation.images.depth.right_wrist | observation.images.depth.head | observation.images.seg_instance_id.left_wrist | observation.images.seg_instance_id.right_wrist | observation.images.seg_instance_id.head,observation.images.rgb.left_wrist:480x480x3 | observation.images.rgb.right_wrist:480x480x3 | observation.images.rgb.head:720x720x3 | observation.images.depth.left_wrist:480x480x3 | observation.images.depth.right_wrist:480x480x3 | observation.images.depth.head:720x720x3 | observation.images.seg_instance_id.left_wrist:480x480x3 | observation.images.seg_instance_id.right_wrist:480x480x3 | observation.images.seg_instance_id.head:720x720x3,video | video | video | video | video | video | video | video | video,single_task_instruction+language_fields,True,1,"In the bedroom, pick up the scrub brush from the desk and scrub the cornet (trumpet) on the desk until it's no longer covered in dust.",False,False,observation.task_info,https://huggingface.co/datasets/lerobot/behavior1k-task0037/blob/main/README.md,https://huggingface.co/datasets/lerobot/behavior1k-task0037,
official_lerobot,lerobot/behavior1k-task0038,False,unknown,600.0,100.0,500.0,200,1295895,1,11.999,215.98,30.0,30.0,30.0,R1Pro,unknown,low,no strong embodiment signal found,23,23,256,256,9,observation.images.rgb.left_wrist | observation.images.rgb.right_wrist | observation.images.rgb.head | observation.images.depth.left_wrist | observation.images.depth.right_wrist | observation.images.depth.head | observation.images.seg_instance_id.left_wrist | observation.images.seg_instance_id.right_wrist | observation.images.seg_instance_id.head,observation.images.rgb.left_wrist:480x480x3 | observation.images.rgb.right_wrist:480x480x3 | observation.images.rgb.head:720x720x3 | observation.images.depth.left_wrist:480x480x3 | observation.images.depth.right_wrist:480x480x3 | observation.images.depth.head:720x720x3 | observation.images.seg_instance_id.left_wrist:480x480x3 | observation.images.seg_instance_id.right_wrist:480x480x3 | observation.images.seg_instance_id.head:720x720x3,video | video | video | video | video | video | video | video | video,single_task_instruction+language_fields,True,1,Pick up the pesticide atomizer in the garden and spray insectifuge to fully cover both potted plants in the garden.,False,False,observation.task_info,https://huggingface.co/datasets/lerobot/behavior1k-task0038/blob/main/README.md,https://huggingface.co/datasets/lerobot/behavior1k-task0038,
official_lerobot,lerobot/behavior1k-task0039,False,unknown,600.0,100.0,500.0,200,1669174,1,15.455,278.2,30.0,30.0,30.0,R1Pro,unknown,low,no strong embodiment signal found,23,23,256,256,9,observation.images.rgb.left_wrist | observation.images.rgb.right_wrist | observation.images.rgb.head | observation.images.depth.left_wrist | observation.images.depth.right_wrist | observation.images.depth.head | observation.images.seg_instance_id.left_wrist | observation.images.seg_instance_id.right_wrist | observation.images.seg_instance_id.head,observation.images.rgb.left_wrist:480x480x3 | observation.images.rgb.right_wrist:480x480x3 | observation.images.rgb.head:720x720x3 | observation.images.depth.left_wrist:480x480x3 | observation.images.depth.right_wrist:480x480x3 | observation.images.depth.head:720x720x3 | observation.images.seg_instance_id.left_wrist:480x480x3 | observation.images.seg_instance_id.right_wrist:480x480x3 | observation.images.seg_instance_id.head:720x720x3,video | video | video | video | video | video | video | video | video,single_task_instruction+language_fields,True,1,"In the garden, pick up the pesticide atomizer on the floor and spray pesticide onto both trees until each tree trunk is fully covered.",False,False,observation.task_info,https://huggingface.co/datasets/lerobot/behavior1k-task0039/blob/main/README.md,https://huggingface.co/datasets/lerobot/behavior1k-task0039,
official_lerobot,lerobot/behavior1k-task0040,False,unknown,600.0,100.0,500.0,200,647555,1,5.996,107.93,30.0,30.0,30.0,R1Pro,unknown,low,no strong embodiment signal found,23,23,256,256,9,observation.images.rgb.left_wrist | observation.images.rgb.right_wrist | observation.images.rgb.head | observation.images.depth.left_wrist | observation.images.depth.right_wrist | observation.images.depth.head | observation.images.seg_instance_id.left_wrist | observation.images.seg_instance_id.right_wrist | observation.images.seg_instance_id.head,observation.images.rgb.left_wrist:480x480x3 | observation.images.rgb.right_wrist:480x480x3 | observation.images.rgb.head:720x720x3 | observation.images.depth.left_wrist:480x480x3 | observation.images.depth.right_wrist:480x480x3 | observation.images.depth.head:720x720x3 | observation.images.seg_instance_id.left_wrist:480x480x3 | observation.images.seg_instance_id.right_wrist:480x480x3 | observation.images.seg_instance_id.head:720x720x3,video | video | video | video | video | video | video | video | video,single_task_instruction+language_fields,True,1,"In the kitchen, take the popcorn bag from the countertop, put it into the microwave, and heat it until the popcorn is cooked so the cooked popcorn ends up inside the bag.",False,False,observation.task_info,https://huggingface.co/datasets/lerobot/behavior1k-task0040/blob/main/README.md,https://huggingface.co/datasets/lerobot/behavior1k-task0040,
official_lerobot,lerobot/behavior1k-task0041,False,unknown,600.0,100.0,500.0,200,2823597,1,26.144,470.6,30.0,30.0,30.0,R1Pro,unknown,low,no strong embodiment signal found,23,23,256,256,9,observation.images.rgb.left_wrist | observation.images.rgb.right_wrist | observation.images.rgb.head | observation.images.depth.left_wrist | observation.images.depth.right_wrist | observation.images.depth.head | observation.images.seg_instance_id.left_wrist | observation.images.seg_instance_id.right_wrist | observation.images.seg_instance_id.head,observation.images.rgb.left_wrist:480x480x3 | observation.images.rgb.right_wrist:480x480x3 | observation.images.rgb.head:720x720x3 | observation.images.depth.left_wrist:480x480x3 | observation.images.depth.right_wrist:480x480x3 | observation.images.depth.head:720x720x3 | observation.images.seg_instance_id.left_wrist:480x480x3 | observation.images.seg_instance_id.right_wrist:480x480x3 | observation.images.seg_instance_id.head:720x720x3,video | video | video | video | video | video | video | video | video,single_task_instruction+language_fields,True,1,"From the kitchen refrigerator, take the cabbage and the chili, dice them on the chopping board with the knife, cook the diced cabbage and diced chili in the frying pan on the stove, and leave the cooked, diced cabbage and cooked, diced chili in the frying pan.",False,False,observation.task_info,https://huggingface.co/datasets/lerobot/behavior1k-task0041/blob/main/README.md,https://huggingface.co/datasets/lerobot/behavior1k-task0041,
official_lerobot,lerobot/behavior1k-task0042,False,unknown,600.0,100.0,500.0,200,1279960,1,11.851,213.33,30.0,30.0,30.0,R1Pro,unknown,low,no strong embodiment signal found,23,23,256,256,9,observation.images.rgb.left_wrist | observation.images.rgb.right_wrist | observation.images.rgb.head | observation.images.depth.left_wrist | observation.images.depth.right_wrist | observation.images.depth.head | observation.images.seg_instance_id.left_wrist | observation.images.seg_instance_id.right_wrist | observation.images.seg_instance_id.head,observation.images.rgb.left_wrist:480x480x3 | observation.images.rgb.right_wrist:480x480x3 | observation.images.rgb.head:720x720x3 | observation.images.depth.left_wrist:480x480x3 | observation.images.depth.right_wrist:480x480x3 | observation.images.depth.head:720x720x3 | observation.images.seg_instance_id.left_wrist:480x480x3 | observation.images.seg_instance_id.right_wrist:480x480x3 | observation.images.seg_instance_id.head:720x720x3,video | video | video | video | video | video | video | video | video,single_task_instruction+language_fields,True,1,"In the kitchen, take the Vidalia onion out of the sink, dice it on the chopping board with the paring knife, put the diced onion into the bowl on the countertop, then place both the paring knife and the chopping board into the sink.",False,False,observation.task_info,https://huggingface.co/datasets/lerobot/behavior1k-task0042/blob/main/README.md,https://huggingface.co/datasets/lerobot/behavior1k-task0042,
official_lerobot,lerobot/behavior1k-task0043,False,unknown,600.0,100.0,500.0,200,2968988,1,27.491,494.83,30.0,30.0,30.0,R1Pro,unknown,low,no strong embodiment signal found,23,23,256,256,9,observation.images.rgb.left_wrist | observation.images.rgb.right_wrist | observation.images.rgb.head | observation.images.depth.left_wrist | observation.images.depth.right_wrist | observation.images.depth.head | observation.images.seg_instance_id.left_wrist | observation.images.seg_instance_id.right_wrist | observation.images.seg_instance_id.head,observation.images.rgb.left_wrist:480x480x3 | observation.images.rgb.right_wrist:480x480x3 | observation.images.rgb.head:720x720x3 | observation.images.depth.left_wrist:480x480x3 | observation.images.depth.right_wrist:480x480x3 | observation.images.depth.head:720x720x3 | observation.images.seg_instance_id.left_wrist:480x480x3 | observation.images.seg_instance_id.right_wrist:480x480x3 | observation.images.seg_instance_id.head:720x720x3,video | video | video | video | video | video | video | video | video,single_task_instruction+language_fields,True,1,"From the refrigerator in the kitchen, take out the two bell peppers, the two beets, and the zucchini. Then, on either chopping board on the countertop, use the parer to dice all of them so that only diced bell pepper, diced beet, and diced zucchini remain. Make sure the refrigerator is closed when you finish.",False,False,observation.task_info,https://huggingface.co/datasets/lerobot/behavior1k-task0043/blob/main/README.md,https://huggingface.co/datasets/lerobot/behavior1k-task0043,
official_lerobot,lerobot/behavior1k-task0044,False,unknown,600.0,100.0,500.0,200,2150397,1,19.911,358.4,30.0,30.0,30.0,R1Pro,unknown,low,no strong embodiment signal found,23,23,256,256,9,observation.images.rgb.left_wrist | observation.images.rgb.right_wrist | observation.images.rgb.head | observation.images.depth.left_wrist | observation.images.depth.right_wrist | observation.images.depth.head | observation.images.seg_instance_id.left_wrist | observation.images.seg_instance_id.right_wrist | observation.images.seg_instance_id.head,observation.images.rgb.left_wrist:480x480x3 | observation.images.rgb.right_wrist:480x480x3 | observation.images.rgb.head:720x720x3 | observation.images.depth.left_wrist:480x480x3 | observation.images.depth.right_wrist:480x480x3 | observation.images.depth.head:720x720x3 | observation.images.seg_instance_id.left_wrist:480x480x3 | observation.images.seg_instance_id.right_wrist:480x480x3 | observation.images.seg_instance_id.head:720x720x3,video | video | video | video | video | video | video | video | video,single_task_instruction+language_fields,True,1,Chop the four logs on the driveway in the garden into eight half logs using the axe and the chopping block.,False,False,observation.task_info,https://huggingface.co/datasets/lerobot/behavior1k-task0044/blob/main/README.md,https://huggingface.co/datasets/lerobot/behavior1k-task0044,
official_lerobot,lerobot/behavior1k-task0045,False,unknown,600.0,100.0,500.0,200,1828971,1,16.935,304.83,30.0,30.0,30.0,R1Pro,unknown,low,no strong embodiment signal found,23,23,256,256,9,observation.images.rgb.left_wrist | observation.images.rgb.right_wrist | observation.images.rgb.head | observation.images.depth.left_wrist | observation.images.depth.right_wrist | observation.images.depth.head | observation.images.seg_instance_id.left_wrist | observation.images.seg_instance_id.right_wrist | observation.images.seg_instance_id.head,observation.images.rgb.left_wrist:480x480x3 | observation.images.rgb.right_wrist:480x480x3 | observation.images.rgb.head:720x720x3 | observation.images.depth.left_wrist:480x480x3 | observation.images.depth.right_wrist:480x480x3 | observation.images.depth.head:720x720x3 | observation.images.seg_instance_id.left_wrist:480x480x3 | observation.images.seg_instance_id.right_wrist:480x480x3 | observation.images.seg_instance_id.head:720x720x3,video | video | video | video | video | video | video | video | video,single_task_instruction+language_fields,True,1,Take the two hot dogs out of the refrigerator in the kitchen and cook them in the microwave until both are cooked.,False,False,observation.task_info,https://huggingface.co/datasets/lerobot/behavior1k-task0045/blob/main/README.md,https://huggingface.co/datasets/lerobot/behavior1k-task0045,
official_lerobot,lerobot/behavior1k-task0046,False,unknown,600.0,100.0,500.0,200,1535909,1,14.221,255.98,30.0,30.0,30.0,R1Pro,unknown,low,no strong embodiment signal found,23,23,256,256,9,observation.images.rgb.left_wrist | observation.images.rgb.right_wrist | observation.images.rgb.head | observation.images.depth.left_wrist | observation.images.depth.right_wrist | observation.images.depth.head | observation.images.seg_instance_id.left_wrist | observation.images.seg_instance_id.right_wrist | observation.images.seg_instance_id.head,observation.images.rgb.left_wrist:480x480x3 | observation.images.rgb.right_wrist:480x480x3 | observation.images.rgb.head:720x720x3 | observation.images.depth.left_wrist:480x480x3 | observation.images.depth.right_wrist:480x480x3 | observation.images.depth.head:720x720x3 | observation.images.seg_instance_id.left_wrist:480x480x3 | observation.images.seg_instance_id.right_wrist:480x480x3 | observation.images.seg_instance_id.head:720x720x3,video | video | video | video | video | video | video | video | video,single_task_instruction+language_fields,True,1,"Take the tray with six slices of bacon out of the refrigerator in the kitchen, cook all six slices in the frying pan on the stove until they're cooked, and make sure the refrigerator is closed when you're done.",False,False,observation.task_info,https://huggingface.co/datasets/lerobot/behavior1k-task0046/blob/main/README.md,https://huggingface.co/datasets/lerobot/behavior1k-task0046,
official_lerobot,lerobot/behavior1k-task0047,False,unknown,600.0,100.0,500.0,200,2491046,1,23.065,415.17,30.0,30.0,30.0,R1Pro,unknown,low,no strong embodiment signal found,23,23,256,256,9,observation.images.rgb.left_wrist | observation.images.rgb.right_wrist | observation.images.rgb.head | observation.images.depth.left_wrist | observation.images.depth.right_wrist | observation.images.depth.head | observation.images.seg_instance_id.left_wrist | observation.images.seg_instance_id.right_wrist | observation.images.seg_instance_id.head,observation.images.rgb.left_wrist:480x480x3 | observation.images.rgb.right_wrist:480x480x3 | observation.images.rgb.head:720x720x3 | observation.images.depth.left_wrist:480x480x3 | observation.images.depth.right_wrist:480x480x3 | observation.images.depth.head:720x720x3 | observation.images.seg_instance_id.left_wrist:480x480x3 | observation.images.seg_instance_id.right_wrist:480x480x3 | observation.images.seg_instance_id.head:720x720x3,video | video | video | video | video | video | video | video | video,single_task_instruction+language_fields,True,1,"In the kitchen, take the two apple pies from the plates on the countertop, put each pie into a separate tupperware container taken from the cabinet, place both tupperwares inside the refrigerator, close the refrigerator, and leave them until the pies are frozen.",False,False,observation.task_info,https://huggingface.co/datasets/lerobot/behavior1k-task0047/blob/main/README.md,https://huggingface.co/datasets/lerobot/behavior1k-task0047,
official_lerobot,lerobot/behavior1k-task0048,False,unknown,600.0,100.0,500.0,200,4595098,1,42.547,765.85,30.0,30.0,30.0,R1Pro,unknown,low,no strong embodiment signal found,23,23,256,256,9,observation.images.rgb.left_wrist | observation.images.rgb.right_wrist | observation.images.rgb.head | observation.images.depth.left_wrist | observation.images.depth.right_wrist | observation.images.depth.head | observation.images.seg_instance_id.left_wrist | observation.images.seg_instance_id.right_wrist | observation.images.seg_instance_id.head,observation.images.rgb.left_wrist:480x480x3 | observation.images.rgb.right_wrist:480x480x3 | observation.images.rgb.head:720x720x3 | observation.images.depth.left_wrist:480x480x3 | observation.images.depth.right_wrist:480x480x3 | observation.images.depth.head:720x720x3 | observation.images.seg_instance_id.left_wrist:480x480x3 | observation.images.seg_instance_id.right_wrist:480x480x3 | observation.images.seg_instance_id.head:720x720x3,video | video | video | video | video | video | video | video | video,single_task_instruction+language_fields,True,1,"In the kitchen, open the refrigerator and the cabinet. Take the steak and the pineapple out of the refrigerator and take two bowls from the cabinet. On the chopping board on the countertop, use the carving knife to dice the steak and to dice the pineapple. Put only the diced steak into one bowl and only the diced pineapple into the other bowl - do not mix them. Place both bowls back inside the cabinet, then close the refrigerator and close the cabinet.",False,False,observation.task_info,https://huggingface.co/datasets/lerobot/behavior1k-task0048/blob/main/README.md,https://huggingface.co/datasets/lerobot/behavior1k-task0048,
official_lerobot,lerobot/behavior1k-task0049,False,unknown,600.0,100.0,500.0,200,3837385,1,35.531,639.56,30.0,30.0,30.0,R1Pro,unknown,low,no strong embodiment signal found,23,23,256,256,9,observation.images.rgb.left_wrist | observation.images.rgb.right_wrist | observation.images.rgb.head | observation.images.depth.left_wrist | observation.images.depth.right_wrist | observation.images.depth.head | observation.images.seg_instance_id.left_wrist | observation.images.seg_instance_id.right_wrist | observation.images.seg_instance_id.head,observation.images.rgb.left_wrist:480x480x3 | observation.images.rgb.right_wrist:480x480x3 | observation.images.rgb.head:720x720x3 | observation.images.depth.left_wrist:480x480x3 | observation.images.depth.right_wrist:480x480x3 | observation.images.depth.head:720x720x3 | observation.images.seg_instance_id.left_wrist:480x480x3 | observation.images.seg_instance_id.right_wrist:480x480x3 | observation.images.seg_instance_id.head:720x720x3,video | video | video | video | video | video | video | video | video,single_task_instruction+language_fields,True,1,"Make a pizza on the cookie sheet in the kitchen: take the grated cheese, the four pieces of pepperoni, and the two mushrooms from their tupperware containers in the refrigerator; chop the Vidalia onion on the chopping board with the knife, and also chop the two whole mushrooms in half; top the pizza dough that's already on the cookie sheet with the cheese, pepperoni, halved mushrooms, and chopped onion; bake it in the oven until it becomes a pizza, and leave the finished pizza on the cookie sheet.",False,False,observation.task_info,https://huggingface.co/datasets/lerobot/behavior1k-task0049/blob/main/README.md,https://huggingface.co/datasets/lerobot/behavior1k-task0049,
official_lerobot,lerobot/berkeley_autolab_ur5,False,unknown,600.0,100.0,500.0,1000,97939,5,5.441,19.59,5.0,5.0,5.0,unknown,single_arm,medium,action/state dimension matches common single-arm control,7,7,8,8,3,observation.images.image_with_depth | observation.images.image | observation.images.hand_image,observation.images.image_with_depth:480x640x3 | observation.images.image:480x640x3 | observation.images.hand_image:480x640x3,video | video | video,multi_task_instruction,True,5,sweep the green cloth to the left side of the table | put the ranch bottle into the pot | pick up the blue cup and put it into the brown cup.,False,False,,https://huggingface.co/datasets/lerobot/berkeley_autolab_ur5/blob/main/README.md,https://huggingface.co/datasets/lerobot/berkeley_autolab_ur5,
official_lerobot,lerobot/berkeley_cable_routing,False,unknown,300.0,100.0,200.0,1647,42328,1,1.176,2.57,10.0,10.0,10.0,unknown,single_arm,medium,action/state dimension matches common single-arm control,7,7,8,8,4,observation.images.top_image | observation.images.wrist225_image | observation.images.wrist45_image | observation.images.image,observation.images.top_image:128x128x3 | observation.images.wrist225_image:128x128x3 | observation.images.wrist45_image:128x128x3 | observation.images.image:128x128x3,video | video | video | video,single_task_instruction,True,1,route cable,False,False,,https://huggingface.co/datasets/lerobot/berkeley_cable_routing/blob/main/README.md,https://huggingface.co/datasets/lerobot/berkeley_cable_routing,
official_lerobot,lerobot/berkeley_fanuc_manipulation,False,unknown,600.0,100.0,500.0,415,62613,32,1.739,15.09,10.0,10.0,10.0,unknown,single_arm,medium,action/state dimension matches common single-arm control,7,7,8,8,2,observation.images.image | observation.images.wrist_image,observation.images.image:224x224x3 | observation.images.wrist_image:224x224x3,video | video,multi_task_instruction,True,32,Pick up the screw driver and place it in the box. | Close the laptop. | Pick up the object and place it in the box.,False,False,,https://huggingface.co/datasets/lerobot/berkeley_fanuc_manipulation/blob/main/README.md,https://huggingface.co/datasets/lerobot/berkeley_fanuc_manipulation,
official_lerobot,lerobot/berkeley_gnm_cory_hall,False,unknown,300.0,100.0,200.0,7331,156012,1,8.667,4.26,5.0,5.0,5.0,unknown,mobile_robot,medium,repo/readme indicates mobile robot,7,7,9,9,1,observation.images.image,observation.images.image:64x86x3,video,single_task_instruction,True,1,Navigate to the goal.,False,False,,https://huggingface.co/datasets/lerobot/berkeley_gnm_cory_hall/blob/main/README.md,https://huggingface.co/datasets/lerobot/berkeley_gnm_cory_hall,
official_lerobot,lerobot/berkeley_gnm_recon,False,unknown,300.0,100.0,200.0,11834,610907,1,56.565,17.21,3.0,3.0,3.0,unknown,mobile_robot,medium,repo/readme indicates mobile robot,7,7,9,9,1,observation.images.image,observation.images.image:120x160x3,video,single_task_instruction,True,1,Navigate to the goal.,False,False,,https://huggingface.co/datasets/lerobot/berkeley_gnm_recon/blob/main/README.md,https://huggingface.co/datasets/lerobot/berkeley_gnm_recon,
official_lerobot,lerobot/berkeley_gnm_sac_son,False,unknown,300.0,100.0,200.0,2955,241059,1,6.696,8.16,10.0,10.0,10.0,unknown,mobile_robot,medium,repo/readme indicates mobile robot,7,7,8,8,1,observation.images.image,observation.images.image:120x160x3,video,single_task_instruction,True,1,Navigate to the goal.,False,False,,https://huggingface.co/datasets/lerobot/berkeley_gnm_sac_son/blob/main/README.md,https://huggingface.co/datasets/lerobot/berkeley_gnm_sac_son,
official_lerobot,lerobot/berkeley_mvp,False,unknown,600.0,100.0,500.0,480,45308,6,2.517,18.88,5.0,5.0,5.0,unknown,single_arm,medium,action/state dimension matches common single-arm control,8,8,15,15,1,observation.images.hand_image,observation.images.hand_image:480x640x3,video,multi_task_instruction,True,6,pick fruit | pick detergent from the sink | reach red block,False,False,,https://huggingface.co/datasets/lerobot/berkeley_mvp/blob/main/README.md,https://huggingface.co/datasets/lerobot/berkeley_mvp,
official_lerobot,lerobot/berkeley_rpt,False,unknown,600.0,100.0,500.0,908,392578,4,3.635,14.41,30.0,30.0,30.0,unknown,single_arm,medium,action/state dimension matches common single-arm control,8,8,8,8,1,observation.images.hand_image,observation.images.hand_image:480x640x3,video,multi_task_instruction,True,4,stack cube | pick an object from the bin | destack cube,False,False,,https://huggingface.co/datasets/lerobot/berkeley_rpt/blob/main/README.md,https://huggingface.co/datasets/lerobot/berkeley_rpt,
official_lerobot,lerobot/cmu_franka_exploration_dataset,False,unknown,600.0,100.0,500.0,199,1990,3,0.055,1.0,10.0,10.0,10.0,unknown,single_arm,medium,action/state dimension matches common single-arm control,7,7,8,8,2,observation.images.image | observation.images.highres_image,observation.images.image:64x64x3 | observation.images.highres_image:480x640x3,video | video,multi_task_instruction,True,3,lift the knife | lift the vegetable | open the cabinet,False,False,,https://huggingface.co/datasets/lerobot/cmu_franka_exploration_dataset/blob/main/README.md,https://huggingface.co/datasets/lerobot/cmu_franka_exploration_dataset,
official_lerobot,lerobot/cmu_play_fusion,False,unknown,600.0,100.0,500.0,576,235922,44,13.107,81.92,5.0,5.0,5.0,unknown,single_arm,medium,action/state dimension matches common single-arm control,7,7,8,8,1,observation.images.image,observation.images.image:128x128x3,video,multi_task_instruction,True,44,"pick banana and place in pink bowl | pick pot and place in sink | open oven, then pick pineapple and place insid oven",False,False,,https://huggingface.co/datasets/lerobot/cmu_play_fusion/blob/main/README.md,https://huggingface.co/datasets/lerobot/cmu_play_fusion,
official_lerobot,lerobot/cmu_stretch,False,unknown,600.0,100.0,500.0,135,25016,5,1.39,37.06,5.0,5.0,5.0,unknown,single_arm,medium,action/state dimension matches common single-arm control,8,8,4,4,1,observation.images.image,observation.images.image:128x128x3,video,multi_task_instruction,True,5,open drawer | lift up a lid from the pot | lift open green garbage can lid,False,False,,https://huggingface.co/datasets/lerobot/cmu_stretch/blob/main/README.md,https://huggingface.co/datasets/lerobot/cmu_stretch,
official_lerobot,lerobot/columbia_cairlab_pusht_real,False,real,600.0,100.0,500.0,136,27808,1,0.772,20.45,10.0,10.0,10.0,unknown,single_arm,medium,repo naming suggests single-arm manipulation,7,7,8,8,2,observation.images.wrist_image | observation.images.image,observation.images.wrist_image:240x320x3 | observation.images.image:240x320x3,video | video,single_task_instruction,True,1,The task requires pushing a T-shaped block (gray) to a fixed target (green) with a circular end-effector (blue). Both observation and control frequencies are 10Hz.,False,False,,https://huggingface.co/datasets/lerobot/columbia_cairlab_pusht_real/blob/main/README.md,https://huggingface.co/datasets/lerobot/columbia_cairlab_pusht_real,
official_lerobot,lerobot/config_examples,False,sim,0.03,,,,,,,,,,,,unknown,low,meta/info.json missing,,,,,0,,,,unknown,False,,,False,False,,https://huggingface.co/datasets/lerobot/config_examples/blob/main/README.md,https://huggingface.co/datasets/lerobot/config_examples,missing meta/info.json
official_lerobot,lerobot/conq_hose_manipulation,False,unknown,300.0,100.0,200.0,139,8277,3,0.077,1.98,30.0,30.0,30.0,unknown,single_arm,medium,repo naming suggests single-arm manipulation,7,7,68,68,3,observation.images.frontright_fisheye_image | observation.images.hand_color_image | observation.images.frontleft_fisheye_image,observation.images.frontright_fisheye_image:726x604x3 | observation.images.hand_color_image:480x640x3 | observation.images.frontleft_fisheye_image:726x604x3,video | video | video,multi_task_instruction,True,3,grasp hose | pick up the pillow and place it on the couch | vacuum the floor,False,False,,https://huggingface.co/datasets/lerobot/conq_hose_manipulation/blob/main/README.md,https://huggingface.co/datasets/lerobot/conq_hose_manipulation,
official_lerobot,lerobot/dlr_edan_shared_control,False,unknown,600.0,100.0,500.0,104,8928,14,0.496,17.17,5.0,5.0,5.0,unknown,single_arm,medium,action/state dimension matches common single-arm control,7,7,7,7,1,observation.images.image,observation.images.image:360x640x3,video,multi_task_instruction,True,13,pick the tube | pick the cube | pick the green apple,False,False,,https://huggingface.co/datasets/lerobot/dlr_edan_shared_control/blob/main/README.md,https://huggingface.co/datasets/lerobot/dlr_edan_shared_control,
official_lerobot,lerobot/dlr_sara_grid_clamp,False,real,600.0,100.0,500.0,107,7622,1,0.423,14.25,5.0,5.0,5.0,unknown,single_arm,medium,action/state dimension matches common single-arm control,7,7,12,12,1,observation.images.image,observation.images.image:480x640x3,video,single_task_instruction,True,1,Place grid clamp,False,False,,https://huggingface.co/datasets/lerobot/dlr_sara_grid_clamp/blob/main/README.md,https://huggingface.co/datasets/lerobot/dlr_sara_grid_clamp,
official_lerobot,lerobot/dlr_sara_pour,False,unknown,600.0,100.0,500.0,100,12971,1,0.721,25.94,5.0,5.0,5.0,unknown,single_arm,medium,action/state dimension matches common single-arm control,7,7,6,6,1,observation.images.image,observation.images.image:480x640x3,video,single_task_instruction,True,1,Pour into the mug,False,False,,https://huggingface.co/datasets/lerobot/dlr_sara_pour/blob/main/README.md,https://huggingface.co/datasets/lerobot/dlr_sara_pour,
official_lerobot,lerobot/droid_1.0.1,False,unknown,600.0,100.0,500.0,95617,27618651,49611,511.456,19.26,15.0,15.0,15.0,Franka,single_arm,high,robot_type=franka,8,8,8,8,3,observation.images.wrist_left | observation.images.exterior_1_left | observation.images.exterior_2_left,observation.images.wrist_left:180x320x3 | observation.images.exterior_1_left:180x320x3 | observation.images.exterior_2_left:180x320x3,video | video | video,multi_task_instruction+language_fields,True,49610,Put the blue block in the green bowl | Move the bottom right tip of the duvet to the left | Pick up the longer upright white container from the table and put it in the orange plastic bag,False,False,building | collector_id | date | language_instruction | language_instruction_2 | language_instruction_3 | task_category,https://huggingface.co/datasets/lerobot/droid_1.0.1/blob/main/README.md,https://huggingface.co/datasets/lerobot/droid_1.0.1,
official_lerobot,lerobot/droid_100,False,unknown,600.0,100.0,500.0,100,32212,47,0.597,21.47,15.0,15.0,15.0,unknown,single_arm,medium,action/state dimension matches common single-arm control,7,7,7,7,3,observation.images.exterior_image_1_left | observation.images.exterior_image_2_left | observation.images.wrist_image_left,observation.images.exterior_image_1_left:180x320x3 | observation.images.exterior_image_2_left:180x320x3 | observation.images.wrist_image_left:180x320x3,video | video | video,multi_task_instruction,True,46,Put the marker in the pot | Put the candy bar on the left side of the first shelf | Put one green sachet in the grey bowl.,False,False,,https://huggingface.co/datasets/lerobot/droid_100/blob/main/README.md,https://huggingface.co/datasets/lerobot/droid_100,
official_lerobot,lerobot/example_hil_serl_dataset,False,unknown,600.0,100.0,500.0,15,608,1,0.017,4.05,10.0,10.0,10.0,,unknown,low,no strong embodiment signal found,4,4,18,18,1,observation.images.top,observation.images.top:3x128x128,video,none,False,0,,False,False,,https://huggingface.co/datasets/lerobot/example_hil_serl_dataset/blob/main/README.md,https://huggingface.co/datasets/lerobot/example_hil_serl_dataset,
official_lerobot,lerobot/fmb,False,unknown,300.0,100.0,200.0,1804,338188,24,9.394,18.75,10.0,10.0,10.0,unknown,single_arm,medium,repo naming suggests single-arm manipulation,7,7,8,8,4,observation.images.image_side_1 | observation.images.image_side_2 | observation.images.image_wrist_1 | observation.images.image_wrist_2,observation.images.image_side_1:256x256x3 | observation.images.image_side_2:256x256x3 | observation.images.image_wrist_1:256x256x3 | observation.images.image_wrist_2:256x256x3,video | video | video | video,multi_task_instruction,True,24,Pick up the blue object. | Move up. | Move to above the board.,False,False,,https://huggingface.co/datasets/lerobot/fmb/blob/main/README.md,https://huggingface.co/datasets/lerobot/fmb,
official_lerobot,lerobot/full_folding,False,unknown,300.0,100.0,200.0,5688,14129038,1,130.824,82.8,30.0,30.0,30.0,openarms_follower,unknown,low,no strong embodiment signal found,16,16,16,16,3,observation.images.left_wrist | observation.images.right_wrist | observation.images.base,observation.images.left_wrist:720x1280x3 | observation.images.right_wrist:720x1280x3 | observation.images.base:480x640x3,video | video | video,single_task_instruction,True,1,Fold the T-shirt properly,False,False,,https://huggingface.co/datasets/lerobot/full_folding/blob/main/README.md,https://huggingface.co/datasets/lerobot/full_folding,
official_lerobot,lerobot/high_quality_folding,False,unknown,300.0,100.0,200.0,1200,3254196,1,30.131,90.39,30.0,30.0,30.0,openarms_follower,unknown,low,no strong embodiment signal found,16,16,16,16,3,observation.images.left_wrist | observation.images.right_wrist | observation.images.base,observation.images.left_wrist:720x1280x3 | observation.images.right_wrist:720x1280x3 | observation.images.base:480x640x3,video | video | video,single_task_instruction,True,1,Fold the T-shirt properly,False,False,,https://huggingface.co/datasets/lerobot/high_quality_folding/blob/main/README.md,https://huggingface.co/datasets/lerobot/high_quality_folding,
official_lerobot,lerobot/iamlab_cmu_pickup_insert,False,unknown,300.0,100.0,200.0,631,146241,7,2.031,11.59,20.0,20.0,20.0,unknown,single_arm,medium,action/state dimension matches common single-arm control,7,7,8,8,2,observation.images.image | observation.images.wrist_image,observation.images.image:360x640x3 | observation.images.wrist_image:240x320x3,video | video,multi_task_instruction,True,7,Pick up green block. | Pick up pink flower. | Insert greeen block.,False,False,,https://huggingface.co/datasets/lerobot/iamlab_cmu_pickup_insert/blob/main/README.md,https://huggingface.co/datasets/lerobot/iamlab_cmu_pickup_insert,
official_lerobot,lerobot/imperialcollege_sawyer_wrist_cam,False,unknown,300.0,100.0,200.0,170,7148,17,0.397,8.41,5.0,5.0,5.0,unknown,single_arm,medium,repo naming suggests single-arm manipulation,8,8,1,1,2,observation.images.image | observation.images.wrist_image,observation.images.image:64x64x3 | observation.images.wrist_image:64x64x3,video | video,multi_task_instruction,True,17,insert toast | open lid | stack bowls,False,False,,https://huggingface.co/datasets/lerobot/imperialcollege_sawyer_wrist_cam/blob/main/README.md,https://huggingface.co/datasets/lerobot/imperialcollege_sawyer_wrist_cam,
official_lerobot,lerobot/jaco_play,False,unknown,600.0,100.0,500.0,1085,77965,89,2.166,7.19,10.0,10.0,10.0,unknown,single_arm,medium,action/state dimension matches common single-arm control,7,7,8,8,2,observation.images.image | observation.images.image_wrist,observation.images.image:224x224x3 | observation.images.image_wrist:224x224x3,video | video,multi_task_instruction,True,89,pick up the butter dairy | place the milk dairy in the blue bowl | pick up the orange fruit,False,False,,https://huggingface.co/datasets/lerobot/jaco_play/blob/main/README.md,https://huggingface.co/datasets/lerobot/jaco_play,
official_lerobot,lerobot/kaist_nonprehensile,False,unknown,600.0,100.0,500.0,201,32429,193,0.901,16.13,10.0,10.0,10.0,unknown,single_arm,medium,action/state dimension matches common single-arm control,7,7,8,8,1,observation.images.image,observation.images.image:480x640x3,video,multi_task_instruction,True,193,flip a toy table and push backward | Topple a SPAM can | Pull a cup,False,False,,https://huggingface.co/datasets/lerobot/kaist_nonprehensile/blob/main/README.md,https://huggingface.co/datasets/lerobot/kaist_nonprehensile,
official_lerobot,lerobot/kitchen,False,unknown,600.0,100.0,500.0,1,169,1,0.002,5.63,30.0,30.0,30.0,unknown,unknown,low,no strong embodiment signal found,,,,,1,observation.image,observation.image:1080x1920x3,image,single_task_instruction,True,1,dummy task,False,False,,https://huggingface.co/datasets/lerobot/kitchen/blob/main/README.md,https://huggingface.co/datasets/lerobot/kitchen,
official_lerobot,lerobot/koch_pick_place_1_lego,False,unknown,300.0,100.0,200.0,102,39693,1,0.368,12.97,30.0,30.0,30.0,unknown,single_arm,medium,repo naming suggests single-arm manipulation,6,6,6,6,2,observation.images.laptop | observation.images.phone,observation.images.laptop:480x640x3 | observation.images.phone:480x640x3,video | video,single_task_instruction,True,1,"""Pick the lego blocks and place them in the box""",False,False,,https://huggingface.co/datasets/lerobot/koch_pick_place_1_lego/blob/main/README.md,https://huggingface.co/datasets/lerobot/koch_pick_place_1_lego,
official_lerobot,lerobot/koch_pick_place_1_lego_raph,False,unknown,300.0,100.0,200.0,100,32951,1,0.305,10.98,30.0,30.0,30.0,unknown,single_arm,medium,repo naming suggests single-arm manipulation,6,6,6,6,2,observation.images.laptop | observation.images.phone,observation.images.laptop:480x640x3 | observation.images.phone:480x640x3,video | video,single_task_instruction,True,1,Pick the lego blocks and place them in the box,False,False,,https://huggingface.co/datasets/lerobot/koch_pick_place_1_lego_raph/blob/main/README.md,https://huggingface.co/datasets/lerobot/koch_pick_place_1_lego_raph,
official_lerobot,lerobot/koch_pick_place_5_lego,False,unknown,300.0,100.0,200.0,50,37972,1,0.352,25.31,30.0,30.0,30.0,unknown,single_arm,medium,repo naming suggests single-arm manipulation,6,6,6,6,2,observation.images.laptop | observation.images.phone,observation.images.laptop:480x640x3 | observation.images.phone:480x640x3,video | video,single_task_instruction,True,1,Pick the lego blocks and place them in the box,False,False,,https://huggingface.co/datasets/lerobot/koch_pick_place_5_lego/blob/main/README.md,https://huggingface.co/datasets/lerobot/koch_pick_place_5_lego,
official_lerobot,lerobot/koch_pick_place_5_lego_random_pose,False,unknown,300.0,100.0,200.0,50,36013,1,0.333,24.01,30.0,30.0,30.0,unknown,single_arm,medium,repo naming suggests single-arm manipulation,6,6,6,6,2,observation.images.laptop | observation.images.phone,observation.images.laptop:480x640x3 | observation.images.phone:480x640x3,video | video,single_task_instruction,True,1,Pick the lego blocks and place them in the box,False,False,,https://huggingface.co/datasets/lerobot/koch_pick_place_5_lego_random_pose/blob/main/README.md,https://huggingface.co/datasets/lerobot/koch_pick_place_5_lego_random_pose,
official_lerobot,lerobot/libero,False,unknown,600.0,100.0,500.0,1693,273465,40,7.596,16.15,10.0,10.0,10.0,panda,single_arm,high,robot_type=panda,7,7,8,8,2,observation.images.image | observation.images.image2,observation.images.image:256x256x3 | observation.images.image2:256x256x3,video | video,multi_task_instruction,True,40,put the white mug on the left plate and put the yellow and white mug on the right plate | put the white mug on the plate and put the chocolate pudding to the right of the plate | put the yellow and white mug in the microwave and close it,False,False,,https://huggingface.co/datasets/lerobot/libero/blob/main/README.md,https://huggingface.co/datasets/lerobot/libero,
official_lerobot,lerobot/libero-assets,False,unknown,402.76,,,,,,,,,,,,unknown,low,meta/info.json missing,,,,,0,,,,unknown,False,,,False,False,,https://huggingface.co/datasets/lerobot/libero-assets/blob/main/README.md,https://huggingface.co/datasets/lerobot/libero-assets,missing meta/info.json
official_lerobot,lerobot/libero_10,False,unknown,600.0,100.0,500.0,379,101469,10,2.819,26.77,10.0,10.0,10.0,panda,single_arm,high,robot_type=panda,7,7,8,8,2,observation.images.image | observation.images.wrist_image,observation.images.image:256x256x3 | observation.images.wrist_image:256x256x3,video | video,multi_task_instruction,True,10,put the white mug on the left plate and put the yellow and white mug on the right plate | put the white mug on the plate and put the chocolate pudding to the right of the plate | put the yellow and white mug in the microwave and close it,False,False,,https://huggingface.co/datasets/lerobot/libero_10/blob/main/README.md,https://huggingface.co/datasets/lerobot/libero_10,
official_lerobot,lerobot/libero_10_image,False,unknown,300.0,100.0,200.0,379,101469,10,2.819,26.77,10.0,10.0,10.0,panda,single_arm,high,robot_type=panda,7,7,8,8,2,observation.images.image | observation.images.wrist_image,observation.images.image:256x256x3 | observation.images.wrist_image:256x256x3,image | image,multi_task_instruction,True,10,put the white mug on the left plate and put the yellow and white mug on the right plate | put the white mug on the plate and put the chocolate pudding to the right of the plate | put the yellow and white mug in the microwave and close it,False,False,,https://huggingface.co/datasets/lerobot/libero_10_image/blob/main/README.md,https://huggingface.co/datasets/lerobot/libero_10_image,
official_lerobot,lerobot/libero_10_image_subtask,False,unknown,600.0,100.0,500.0,500,138090,10,3.836,27.62,10.0,10.0,10.0,libero_panda,single_arm,medium,repo naming suggests single-arm manipulation,7,7,8,8,2,observation.images.image | observation.images.image2,observation.images.image:3x256x256 | observation.images.image2:3x256x256,image | image,multi_task_instruction,True,10,turn on the stove and put the moka pot on it | put the black bowl in the bottom drawer of the cabinet and close it | put the yellow and white mug in the microwave and close it,False,False,,https://huggingface.co/datasets/lerobot/libero_10_image_subtask/blob/main/README.md,https://huggingface.co/datasets/lerobot/libero_10_image_subtask,
official_lerobot,lerobot/libero_10_subtask,False,unknown,600.0,100.0,500.0,500,138090,10,3.836,27.62,10.0,10.0,10.0,libero_panda,single_arm,medium,repo naming suggests single-arm manipulation,7,7,8,8,2,observation.images.image | observation.images.image2,observation.images.image:3x256x256 | observation.images.image2:3x256x256,video | video,multi_task_instruction,True,10,turn on the stove and put the moka pot on it | put the black bowl in the bottom drawer of the cabinet and close it | put the yellow and white mug in the microwave and close it,False,False,,https://huggingface.co/datasets/lerobot/libero_10_subtask/blob/main/README.md,https://huggingface.co/datasets/lerobot/libero_10_subtask,
official_lerobot,lerobot/libero_goal_image,False,unknown,300.0,100.0,200.0,428,52042,10,1.446,12.16,10.0,10.0,10.0,panda,single_arm,high,robot_type=panda,7,7,8,8,2,observation.images.image | observation.images.wrist_image,observation.images.image:256x256x3 | observation.images.wrist_image:256x256x3,image | image,multi_task_instruction,True,10,put the bowl on the plate | put the wine bottle on the rack | open the top drawer and put the bowl inside,False,False,,https://huggingface.co/datasets/lerobot/libero_goal_image/blob/main/README.md,https://huggingface.co/datasets/lerobot/libero_goal_image,
official_lerobot,lerobot/libero_object_image,False,unknown,300.0,100.0,200.0,454,66984,10,1.861,14.75,10.0,10.0,10.0,panda,single_arm,high,robot_type=panda,7,7,8,8,2,observation.images.image | observation.images.wrist_image,observation.images.image:256x256x3 | observation.images.wrist_image:256x256x3,image | image,multi_task_instruction,True,10,pick up the orange juice and place it in the basket | pick up the ketchup and place it in the basket | pick up the cream cheese and place it in the basket,False,False,,https://huggingface.co/datasets/lerobot/libero_object_image/blob/main/README.md,https://huggingface.co/datasets/lerobot/libero_object_image,
official_lerobot,lerobot/libero_spatial_image,False,unknown,300.0,100.0,200.0,432,52970,10,1.471,12.26,10.0,10.0,10.0,panda,single_arm,high,robot_type=panda,7,7,8,8,2,observation.images.image | observation.images.wrist_image,observation.images.image:256x256x3 | observation.images.wrist_image:256x256x3,image | image,multi_task_instruction,True,10,pick up the black bowl next to the cookie box and place it on the plate | pick up the black bowl in the top drawer of the wooden cabinet and place it on the plate | pick up the black bowl on the ramekin and place it on the plate,False,False,,https://huggingface.co/datasets/lerobot/libero_spatial_image/blob/main/README.md,https://huggingface.co/datasets/lerobot/libero_spatial_image,
official_lerobot,lerobot/metaworld_mt50,False,unknown,600.0,100.0,500.0,2500,204806,49,0.711,1.02,80.0,80.0,80.0,metaworld,single_arm,medium,repo naming suggests single-arm manipulation,4,4,4,4,1,observation.image,observation.image:3x480x480,image,multi_task_instruction+language_fields,True,49,Pick up a nut and place it onto a peg | Dunk the basketball into the basket | Grasp the puck from one bin and place it into another bin,False,False,task_id,https://huggingface.co/datasets/lerobot/metaworld_mt50/blob/main/README.md,https://huggingface.co/datasets/lerobot/metaworld_mt50,
official_lerobot,lerobot/metaworld_mt50_push_v2_image,False,unknown,300.0,100.0,200.0,100,6125,1,0.021,0.77,80.0,80.0,80.0,metaworld,single_arm,medium,repo naming suggests single-arm manipulation,4,4,4,4,1,observation.image,observation.image:3x480x480,image,single_task_instruction+language_fields,True,1,Push the puck to a goal,False,False,task_id,https://huggingface.co/datasets/lerobot/metaworld_mt50_push_v2_image/blob/main/README.md,https://huggingface.co/datasets/lerobot/metaworld_mt50_push_v2_image,
official_lerobot,lerobot/nyu_door_opening_surprising_effectiveness,False,unknown,600.0,100.0,500.0,484,20405,1,1.889,14.05,3.0,3.0,3.0,unknown,single_arm,medium,action/state dimension matches common single-arm control,7,7,8,8,1,observation.images.image,observation.images.image:720x960x3,video,single_task_instruction,True,1,open door,False,False,,https://huggingface.co/datasets/lerobot/nyu_door_opening_surprising_effectiveness/blob/main/README.md,https://huggingface.co/datasets/lerobot/nyu_door_opening_surprising_effectiveness,
official_lerobot,lerobot/nyu_franka_play_dataset,False,unknown,600.0,100.0,500.0,456,44875,1,2.493,19.68,5.0,5.0,5.0,unknown,unknown,low,no strong embodiment signal found,15,15,13,13,2,observation.images.image_additional_view | observation.images.image,observation.images.image_additional_view:128x128x3 | observation.images.image:128x128x3,video | video,single_task_instruction,True,1,play with the kitchen,False,False,,https://huggingface.co/datasets/lerobot/nyu_franka_play_dataset/blob/main/README.md,https://huggingface.co/datasets/lerobot/nyu_franka_play_dataset,
official_lerobot,lerobot/nyu_rot_dataset,False,unknown,600.0,100.0,500.0,14,440,12,0.024,6.29,5.0,5.0,5.0,unknown,single_arm,medium,action/state dimension matches common single-arm control,7,7,7,7,1,observation.images.image,observation.images.image:84x84x3,video,multi_task_instruction,True,12,erase the board | hang the hanger on the rod | reach the blue mark on the table,False,False,,https://huggingface.co/datasets/lerobot/nyu_rot_dataset/blob/main/README.md,https://huggingface.co/datasets/lerobot/nyu_rot_dataset,
official_lerobot,lerobot/paris_street,False,unknown,600.0,100.0,500.0,1,421,1,0.004,14.03,30.0,30.0,30.0,unknown,unknown,low,no strong embodiment signal found,,,,,1,observation.image,observation.image:720x1280x3,image,single_task_instruction,True,1,dummy task,False,False,,https://huggingface.co/datasets/lerobot/paris_street/blob/main/README.md,https://huggingface.co/datasets/lerobot/paris_street,
official_lerobot,lerobot/piper-collect,False,unknown,300.0,100.0,200.0,212,121789,1,1.128,19.15,30.0,30.0,30.0,piper,single_arm,medium,action/state dimension matches common single-arm control,6,6,7,7,2,observation.images.wrist | observation.images.top,observation.images.wrist:480x640x3 | observation.images.top:480x640x3,video | video,single_task_instruction,True,1,pick and place task,False,False,,https://huggingface.co/datasets/lerobot/piper-collect/blob/main/README.md,https://huggingface.co/datasets/lerobot/piper-collect,
official_lerobot,lerobot/pusht,False,unknown,600.0,100.0,500.0,206,25650,1,0.713,12.45,10.0,10.0,10.0,unknown,single_arm,medium,repo naming suggests single-arm manipulation,2,2,2,2,1,observation.image,observation.image:96x96x3,video,single_task_instruction,True,1,Push the T-shaped block onto the T-shaped target.,False,False,,https://huggingface.co/datasets/lerobot/pusht/blob/main/README.md,https://huggingface.co/datasets/lerobot/pusht,
official_lerobot,lerobot/pusht-subtask,False,unknown,600.0,100.0,500.0,206,25650,1,0.713,12.45,10.0,10.0,10.0,unknown,single_arm,medium,repo naming suggests single-arm manipulation,2,2,2,2,1,observation.image,observation.image:96x96x3,video,single_task_instruction+language_fields,True,1,Push the T-shaped block onto the T-shaped target.,False,False,task_index_high_level,https://huggingface.co/datasets/lerobot/pusht-subtask/blob/main/README.md,https://huggingface.co/datasets/lerobot/pusht-subtask,
official_lerobot,lerobot/pusht_image,False,unknown,600.0,100.0,500.0,206,25650,1,0.713,12.45,10.0,10.0,10.0,unknown,single_arm,medium,repo naming suggests single-arm manipulation,2,2,2,2,1,observation.image,observation.image:96x96x3,image,single_task_instruction,True,1,Push the T-shaped block onto the T-shaped target.,False,False,,https://huggingface.co/datasets/lerobot/pusht_image/blob/main/README.md,https://huggingface.co/datasets/lerobot/pusht_image,
official_lerobot,lerobot/pusht_keypoints,False,unknown,300.0,100.0,200.0,206,25650,1,0.713,12.45,10.0,10.0,10.0,unknown,single_arm,medium,repo naming suggests single-arm manipulation,2,2,2,2,0,,,,single_task_instruction,True,1,Push the T-shaped block onto the T-shaped target.,False,False,,https://huggingface.co/datasets/lerobot/pusht_keypoints/blob/main/README.md,https://huggingface.co/datasets/lerobot/pusht_keypoints,
official_lerobot,lerobot/roboturk,False,unknown,300.0,100.0,200.0,1995,187507,3,5.209,9.4,10.0,10.0,10.0,unknown,single_arm,medium,repo naming suggests single-arm manipulation,7,7,8,8,1,observation.images.front_rgb,observation.images.front_rgb:480x640x3,video,multi_task_instruction,True,3,layout laundry | object search | create tower,False,False,,https://huggingface.co/datasets/lerobot/roboturk/blob/main/README.md,https://huggingface.co/datasets/lerobot/roboturk,
official_lerobot,lerobot/stanford_hydra_dataset,False,unknown,600.0,100.0,500.0,570,358234,3,9.951,62.85,10.0,10.0,10.0,unknown,single_arm,medium,action/state dimension matches common single-arm control,7,7,8,8,2,observation.images.image | observation.images.wrist_image,observation.images.image:240x320x3 | observation.images.wrist_image:240x320x3,video | video,multi_task_instruction,True,3,make a cup of coffee with the keurig machine | palce dishes in the dish rack | make a piece of toast with the oven,False,False,,https://huggingface.co/datasets/lerobot/stanford_hydra_dataset/blob/main/README.md,https://huggingface.co/datasets/lerobot/stanford_hydra_dataset,
official_lerobot,lerobot/stanford_kuka_multimodal_dataset,False,unknown,600.0,100.0,500.0,3000,149985,1,2.083,2.5,20.0,20.0,20.0,unknown,single_arm,medium,action/state dimension matches common single-arm control,7,7,7,7,1,observation.images.image,observation.images.image:128x128x3,video,single_task_instruction,True,1,insert the peg into the hole,False,False,,https://huggingface.co/datasets/lerobot/stanford_kuka_multimodal_dataset/blob/main/README.md,https://huggingface.co/datasets/lerobot/stanford_kuka_multimodal_dataset,
official_lerobot,lerobot/stanford_robocook,False,unknown,600.0,100.0,500.0,2460,112980,9,6.277,9.19,5.0,5.0,5.0,unknown,single_arm,medium,action/state dimension matches common single-arm control,7,7,8,8,4,observation.images.image_1 | observation.images.image_2 | observation.images.image_4 | observation.images.image_3,observation.images.image_1:256x256x3 | observation.images.image_2:256x256x3 | observation.images.image_4:256x256x3 | observation.images.image_3:256x256x3,video | video | video | video,multi_task_instruction,True,9,pinch the dough with a two-plane symmetric gripper | pinch the dough with a two-rod symmetric gripper | press the dough with a circle press,False,False,,https://huggingface.co/datasets/lerobot/stanford_robocook/blob/main/README.md,https://huggingface.co/datasets/lerobot/stanford_robocook,
official_lerobot,lerobot/svla_so100_pickplace,False,unknown,600.0,100.0,500.0,50,19631,1,0.182,13.09,30.0,30.0,30.0,so100,single_arm,high,robot_type=so100,6,6,6,6,2,observation.images.top | observation.images.wrist,observation.images.top:480x640x3 | observation.images.wrist:480x640x3,video | video,single_task_instruction,True,1,Pick up the cube and place it in the box.,False,False,,https://huggingface.co/datasets/lerobot/svla_so100_pickplace/blob/main/README.md,https://huggingface.co/datasets/lerobot/svla_so100_pickplace,
official_lerobot,lerobot/svla_so100_sorting,False,unknown,600.0,100.0,500.0,52,35713,1,0.331,22.89,30.0,30.0,30.0,so100,single_arm,high,robot_type=so100,6,6,6,6,2,observation.images.top | observation.images.wrist,observation.images.top:480x640x3 | observation.images.wrist:480x640x3,video | video,single_task_instruction,True,1,Put the red cube in the right box and the blue cube in the left box.,False,False,,https://huggingface.co/datasets/lerobot/svla_so100_sorting/blob/main/README.md,https://huggingface.co/datasets/lerobot/svla_so100_sorting,
official_lerobot,lerobot/svla_so100_stacking,False,unknown,600.0,100.0,500.0,56,22956,1,0.213,13.66,30.0,30.0,30.0,so100,single_arm,high,robot_type=so100,6,6,6,6,2,observation.images.top | observation.images.wrist,observation.images.top:480x640x3 | observation.images.wrist:480x640x3,video | video,single_task_instruction,True,1,Put the red cube on top of the blue cube.,False,False,,https://huggingface.co/datasets/lerobot/svla_so100_stacking/blob/main/README.md,https://huggingface.co/datasets/lerobot/svla_so100_stacking,
official_lerobot,lerobot/svla_so101_pickplace,False,unknown,600.0,100.0,500.0,50,11939,1,0.111,7.96,30.0,30.0,30.0,so100_follower,single_arm,medium,action/state dimension matches common single-arm control,6,6,6,6,2,observation.images.up | observation.images.side,observation.images.up:480x640x3 | observation.images.side:480x640x3,video | video,single_task_instruction,True,1,pink lego brick into the transparent box,False,False,,https://huggingface.co/datasets/lerobot/svla_so101_pickplace/blob/main/README.md,https://huggingface.co/datasets/lerobot/svla_so101_pickplace,
official_lerobot,lerobot/taco_play,False,unknown,600.0,100.0,500.0,3603,237798,406,4.404,4.4,15.0,15.0,15.0,unknown,single_arm,medium,action/state dimension matches common single-arm control,7,7,7,7,2,observation.images.rgb_static | observation.images.rgb_gripper,observation.images.rgb_static:150x200x3 | observation.images.rgb_gripper:84x84x3,video | video,multi_task_instruction,True,406,rotate the yellow block to the left | push right the yellow block | open the drawer,False,False,,https://huggingface.co/datasets/lerobot/taco_play/blob/main/README.md,https://huggingface.co/datasets/lerobot/taco_play,
official_lerobot,lerobot/tokyo_u_lsmo,False,unknown,600.0,100.0,500.0,50,11925,2,0.662,47.7,5.0,5.0,5.0,unknown,single_arm,medium,action/state dimension matches common single-arm control,7,7,13,13,1,observation.images.image,observation.images.image:120x120x3,video,multi_task_instruction,True,2,avoid obstacle and reach the blue pen | avoid obstacle and reach the scissors,False,False,,https://huggingface.co/datasets/lerobot/tokyo_u_lsmo/blob/main/README.md,https://huggingface.co/datasets/lerobot/tokyo_u_lsmo,
official_lerobot,lerobot/toto,False,unknown,600.0,100.0,500.0,1003,325699,1,3.016,10.82,30.0,30.0,30.0,unknown,single_arm,medium,action/state dimension matches common single-arm control,7,7,8,8,1,observation.images.image,observation.images.image:480x640x3,video,single_task_instruction,True,1,pour,False,False,,https://huggingface.co/datasets/lerobot/toto/blob/main/README.md,https://huggingface.co/datasets/lerobot/toto,
official_lerobot,lerobot/ucsd_kitchen_dataset,False,unknown,600.0,100.0,500.0,150,3970,8,0.221,5.29,5.0,5.0,5.0,unknown,single_arm,medium,action/state dimension matches common single-arm control,8,8,21,21,1,observation.images.image,observation.images.image:480x640x3,video,multi_task_instruction,True,8,Place the teapot on the stove | Put the bowl inside the kitchen cabinet | Open the oven door,False,False,,https://huggingface.co/datasets/lerobot/ucsd_kitchen_dataset/blob/main/README.md,https://huggingface.co/datasets/lerobot/ucsd_kitchen_dataset,
official_lerobot,lerobot/ucsd_pick_and_place_dataset,False,real,600.0,100.0,500.0,1355,67750,3,3.764,10.0,5.0,5.0,5.0,unknown,single_arm,medium,action/state dimension matches common single-arm control,4,4,7,7,1,observation.images.image,observation.images.image:224x224x3,video,multi_task_instruction,True,3,place the pot in the sink | pick up the red object from the table | pick up the green object from the table,False,False,,https://huggingface.co/datasets/lerobot/ucsd_pick_and_place_dataset/blob/main/README.md,https://huggingface.co/datasets/lerobot/ucsd_pick_and_place_dataset,
official_lerobot,lerobot/uiuc_d3field,False,unknown,300.0,100.0,200.0,192,13384,1,3.718,69.71,1.0,1.0,1.0,unknown,single_arm,medium,action/state dimension matches common single-arm control,7,7,8,8,4,observation.images.image_4 | observation.images.image_2 | observation.images.image_1 | observation.images.image_3,observation.images.image_4:360x640x3 | observation.images.image_2:360x640x3 | observation.images.image_1:360x640x3 | observation.images.image_3:360x640x3,video | video | video | video,none,False,0,,False,False,,https://huggingface.co/datasets/lerobot/uiuc_d3field/blob/main/README.md,https://huggingface.co/datasets/lerobot/uiuc_d3field,
official_lerobot,lerobot/umi_cup_in_the_wild,False,real,300.0,100.0,200.0,1447,699432,1,19.429,48.34,10.0,10.0,10.0,unknown,single_arm,medium,action/state dimension matches common single-arm control,,,7,7,1,observation.image,observation.image:224x224x3,video,single_task_instruction,True,1,Put the cup on the plate.,False,False,,https://huggingface.co/datasets/lerobot/umi_cup_in_the_wild/blob/main/README.md,https://huggingface.co/datasets/lerobot/umi_cup_in_the_wild,
official_lerobot,lerobot/unitreeh1_fold_clothes,False,unknown,600.0,100.0,500.0,38,19000,1,0.106,10.0,50.0,50.0,50.0,unknown,unknown,low,no strong embodiment signal found,40,40,19,19,2,observation.images.cam_left | observation.images.cam_right,observation.images.cam_left:720x1280x3 | observation.images.cam_right:720x1280x3,video | video,single_task_instruction,True,1,Fold the sweatshirt.,False,False,,https://huggingface.co/datasets/lerobot/unitreeh1_fold_clothes/blob/main/README.md,https://huggingface.co/datasets/lerobot/unitreeh1_fold_clothes,
official_lerobot,lerobot/unitreeh1_rearrange_objects,False,unknown,600.0,100.0,500.0,30,7150,1,0.04,4.77,50.0,50.0,50.0,unknown,unknown,low,no strong embodiment signal found,40,40,19,19,2,observation.images.cam_left | observation.images.cam_right,observation.images.cam_left:360x640x3 | observation.images.cam_right:360x640x3,video | video,single_task_instruction,True,1,Put the object into the bin.,False,False,,https://huggingface.co/datasets/lerobot/unitreeh1_rearrange_objects/blob/main/README.md,https://huggingface.co/datasets/lerobot/unitreeh1_rearrange_objects,
official_lerobot,lerobot/unitreeh1_two_robot_greeting,False,unknown,600.0,100.0,500.0,30,3750,1,0.021,2.5,50.0,50.0,50.0,unknown,unknown,low,no strong embodiment signal found,40,40,19,19,2,observation.images.cam_left | observation.images.cam_right,observation.images.cam_left:360x640x3 | observation.images.cam_right:360x640x3,video | video,single_task_instruction,True,1,Greet the other robot with a high five.,False,False,,https://huggingface.co/datasets/lerobot/unitreeh1_two_robot_greeting/blob/main/README.md,https://huggingface.co/datasets/lerobot/unitreeh1_two_robot_greeting,
official_lerobot,lerobot/unitreeh1_warehouse,False,unknown,600.0,100.0,500.0,24,11275,1,0.063,9.4,50.0,50.0,50.0,unknown,unknown,low,no strong embodiment signal found,40,40,19,19,2,observation.images.cam_left | observation.images.cam_right,observation.images.cam_left:360x640x3 | observation.images.cam_right:360x640x3,video | video,single_task_instruction,True,1,Grab the spray paint on the shelf and place it in the bin on top of the robot dog.,False,False,,https://huggingface.co/datasets/lerobot/unitreeh1_warehouse/blob/main/README.md,https://huggingface.co/datasets/lerobot/unitreeh1_warehouse,
official_lerobot,lerobot/usc_cloth_sim,False,sim,300.0,100.0,200.0,1000,100000,1,2.778,10.0,10.0,10.0,10.0,unknown,unknown,low,no strong embodiment signal found,4,4,1,1,1,observation.images.image,observation.images.image:64x64x3,video,single_task_instruction,True,1,fold cloth along diagonal,False,False,,https://huggingface.co/datasets/lerobot/usc_cloth_sim/blob/main/README.md,https://huggingface.co/datasets/lerobot/usc_cloth_sim,
official_lerobot,lerobot/utaustin_mutex,False,unknown,600.0,100.0,500.0,1500,361883,50,5.026,12.06,20.0,20.0,20.0,unknown,single_arm,medium,action/state dimension matches common single-arm control,7,7,8,8,2,observation.images.image | observation.images.wrist_image,observation.images.image:128x128x3 | observation.images.wrist_image:128x128x3,video | video,multi_task_instruction,True,50,"\nShift your gripper thoughtfully near the cereal snack bar.\nTenderly grip the snack bar with your precision device.\nCarefully hover the precision device above the first drawer installation and invite the snack bar to descend into the first drawer installation. | tf.Tensor(b""\nGently grip the air fryer handle with your gripper and kindly pull it open by sliding your gripper away from the base.\nGradually bring your gripper in line with the blue bowl and gently capture it, without tightening your grip too much.\nSecurely place the blue bowl inside the opened air fryer with a steady position.\nLiberate your robot's gripper, and withdraw your gripper from the proximity of the air fryer."", shape=(), dtype=string) | \nDiscover the targeted book and set your gripper to the appropriate amplitude.\nSmoothly guide your gripper in the direction of the book and snatch it firmly.\nSearch for the back section of the caddy.\nMove the held book towards the back section and lightly deposit it inside.",False,False,,https://huggingface.co/datasets/lerobot/utaustin_mutex/blob/main/README.md,https://huggingface.co/datasets/lerobot/utaustin_mutex,
official_lerobot,lerobot/utokyo_pr2_opening_fridge,False,unknown,600.0,100.0,500.0,80,11522,1,0.64,28.8,5.0,5.0,5.0,unknown,single_arm,medium,repo naming suggests single-arm manipulation,8,8,7,7,1,observation.images.image,observation.images.image:128x128x3,video,single_task_instruction,True,1,opening the fridge,False,False,,https://huggingface.co/datasets/lerobot/utokyo_pr2_opening_fridge/blob/main/README.md,https://huggingface.co/datasets/lerobot/utokyo_pr2_opening_fridge,
official_lerobot,lerobot/utokyo_pr2_tabletop_manipulation,False,unknown,600.0,100.0,500.0,240,32708,3,1.817,27.26,5.0,5.0,5.0,unknown,single_arm,medium,repo naming suggests single-arm manipulation,8,8,7,7,1,observation.images.image,observation.images.image:128x128x3,video,multi_task_instruction,True,3,picking a bread | picking a grape | folding a cloth,False,False,,https://huggingface.co/datasets/lerobot/utokyo_pr2_tabletop_manipulation/blob/main/README.md,https://huggingface.co/datasets/lerobot/utokyo_pr2_tabletop_manipulation,
official_lerobot,lerobot/utokyo_saytap,False,unknown,600.0,100.0,500.0,20,22937,20,1.274,229.37,5.0,5.0,5.0,unknown,single_arm,medium,repo naming suggests single-arm manipulation,12,12,30,30,2,observation.images.wrist_image | observation.images.image,observation.images.wrist_image:64x64x3 | observation.images.image:64x64x3,video | video,multi_task_instruction,True,20,raise your rear right leg | trot backward slowly | trot forward fast,False,False,,https://huggingface.co/datasets/lerobot/utokyo_saytap/blob/main/README.md,https://huggingface.co/datasets/lerobot/utokyo_saytap,
official_lerobot,lerobot/utokyo_xarm_bimanual,False,unknown,600.0,100.0,500.0,70,1514,2,0.042,2.16,10.0,10.0,10.0,unknown,dual_arm,high,ALOHA or bimanual naming indicates dual-arm embodiment,7,7,8,8,1,observation.images.image,observation.images.image:256x256x3,video,multi_task_instruction,True,2,Reach a towel. | Unfold a wrinkled towel.,False,False,,https://huggingface.co/datasets/lerobot/utokyo_xarm_bimanual/blob/main/README.md,https://huggingface.co/datasets/lerobot/utokyo_xarm_bimanual,
official_lerobot,lerobot/utokyo_xarm_pick_and_place,False,unknown,300.0,100.0,200.0,102,7490,1,0.208,7.34,10.0,10.0,10.0,unknown,single_arm,medium,repo naming suggests single-arm manipulation,7,7,8,8,3,observation.images.hand_image | observation.images.image2 | observation.images.image,observation.images.hand_image:224x224x3 | observation.images.image2:224x224x3 | observation.images.image:224x224x3,video | video | video,single_task_instruction,True,1,"Pick up a white plate, and then place it on the red plate.",False,False,,https://huggingface.co/datasets/lerobot/utokyo_xarm_pick_and_place/blob/main/README.md,https://huggingface.co/datasets/lerobot/utokyo_xarm_pick_and_place,
official_lerobot,lerobot/xarm_lift_medium,False,unknown,17.0,,,800,20000,1,0.37,1.67,15.0,15.0,15.0,unknown,single_arm,medium,repo naming suggests single-arm manipulation,4,4,4,4,1,observation.image,observation.image:84x84x3,video,single_task_instruction,True,1,Pick up the cube and lift it.,False,False,,https://huggingface.co/datasets/lerobot/xarm_lift_medium/blob/main/README.md,https://huggingface.co/datasets/lerobot/xarm_lift_medium,
official_lerobot,lerobot/xarm_lift_medium_image,False,unknown,600.0,100.0,500.0,800,20000,1,0.37,1.67,15.0,15.0,15.0,unknown,single_arm,medium,repo naming suggests single-arm manipulation,3,3,4,4,1,observation.image,observation.image:84x84x3,image,single_task_instruction,True,1,Pick up the cube and lift it.,False,False,,https://huggingface.co/datasets/lerobot/xarm_lift_medium_image/blob/main/README.md,https://huggingface.co/datasets/lerobot/xarm_lift_medium_image,
official_lerobot,lerobot/xarm_lift_medium_replay,False,unknown,18.05,,,800,20000,1,0.37,1.67,15.0,15.0,15.0,unknown,single_arm,medium,repo naming suggests single-arm manipulation,4,4,4,4,1,observation.image,observation.image:84x84x3,video,single_task_instruction,True,1,Pick up the cube and lift it.,False,False,,https://huggingface.co/datasets/lerobot/xarm_lift_medium_replay/blob/main/README.md,https://huggingface.co/datasets/lerobot/xarm_lift_medium_replay,
official_lerobot,lerobot/xarm_lift_medium_replay_image,False,unknown,600.0,100.0,500.0,800,20000,1,0.37,1.67,15.0,15.0,15.0,unknown,single_arm,medium,repo naming suggests single-arm manipulation,3,3,4,4,1,observation.image,observation.image:84x84x3,image,single_task_instruction,True,1,Pick up the cube and lift it.,False,False,,https://huggingface.co/datasets/lerobot/xarm_lift_medium_replay_image/blob/main/README.md,https://huggingface.co/datasets/lerobot/xarm_lift_medium_replay_image,
official_lerobot,lerobot/xarm_push_medium,False,unknown,15.56,,,800,20000,1,0.37,1.67,15.0,15.0,15.0,unknown,single_arm,medium,repo naming suggests single-arm manipulation,3,3,4,4,1,observation.image,observation.image:84x84x3,video,single_task_instruction,True,1,Push the cube onto the target.,False,False,,https://huggingface.co/datasets/lerobot/xarm_push_medium/blob/main/README.md,https://huggingface.co/datasets/lerobot/xarm_push_medium,
official_lerobot,lerobot/xarm_push_medium_image,False,unknown,600.0,100.0,500.0,800,20000,1,0.37,1.67,15.0,15.0,15.0,unknown,single_arm,medium,repo naming suggests single-arm manipulation,3,3,4,4,1,observation.image,observation.image:84x84x3,image,single_task_instruction,True,1,Push the cube onto the target.,False,False,,https://huggingface.co/datasets/lerobot/xarm_push_medium_image/blob/main/README.md,https://huggingface.co/datasets/lerobot/xarm_push_medium_image,
official_lerobot,lerobot/xarm_push_medium_replay,False,unknown,17.43,,,800,20000,1,0.37,1.67,15.0,15.0,15.0,unknown,single_arm,medium,repo naming suggests single-arm manipulation,3,3,4,4,1,observation.image,observation.image:84x84x3,video,single_task_instruction,True,1,Push the cube onto the target.,False,False,,https://huggingface.co/datasets/lerobot/xarm_push_medium_replay/blob/main/README.md,https://huggingface.co/datasets/lerobot/xarm_push_medium_replay,
official_lerobot,lerobot/xarm_push_medium_replay_image,False,unknown,600.0,100.0,500.0,800,20000,1,0.37,1.67,15.0,15.0,15.0,unknown,single_arm,medium,repo naming suggests single-arm manipulation,3,3,4,4,1,observation.image,observation.image:84x84x3,image,single_task_instruction,True,1,Push the cube onto the target.,False,False,,https://huggingface.co/datasets/lerobot/xarm_push_medium_replay_image/blob/main/README.md,https://huggingface.co/datasets/lerobot/xarm_push_medium_replay_image,
official_lerobot,lerobot/xvla-soft-fold,False,real,600.0,100.0,500.0,1542,2852512,1,39.618,92.49,20.0,20.0,20.0,franka,single_arm,high,robot_type=franka,14,14,96,96,3,observation.images.cam_high | observation.images.cam_left_wrist | observation.images.cam_right_wrist,observation.images.cam_high:480x640x3 | observation.images.cam_left_wrist:480x640x3 | observation.images.cam_right_wrist:480x640x3,video | video | video,single_task_instruction,True,1,fold the cloth,False,False,,https://huggingface.co/datasets/lerobot/xvla-soft-fold/blob/main/README.md,https://huggingface.co/datasets/lerobot/xvla-soft-fold,
